,link,name,,,,
0,http://www.kkoutdoormedia.com/images/Ajni_Rly_Bridge_going _ps.jpg,1_O51184_thumb_front.jpg,,,,
1,http://www.kkoutdoormedia.com/images/Ajni_Rly_Bridge_going _RS.jpg,1_O51185_thumb_front.jpg,,,,
2,http://www.kkoutdoormedia.com/images/Ajni Chunabhatti.JPG,1_O51186_thumb_front.jpg,,,,
3,http://www.kkoutdoormedia.com/images/University Campus Chowk 30X15.jpg,1_O51187_thumb_front.jpg,,,,
4,http://www.kkoutdoormedia.com/images/University Campus Chowk 30X10.jpg,1_O51188_thumb_front.jpg,,,,
5,http://www.kkoutdoormedia.com/images/Bardi Jhansirani Chowk 40X20.jpg,1_O51189_thumb_front.jpg,,,,
6,http://www.kkoutdoormedia.com/images/Yashwant Stadium Above Berar Finance 40X20.JPG,1_O51190_thumb_front.jpg,http://www.kkoutdoormedia.com/images/Yashwant Stadium Above Berar Finance 40X20.JPG,1_O51190_thumb_front.jpg,,
7,http://www.kkoutdoormedia.com/images/Yeshwant Stadium Chopati 40x20.jpg,1_O51191_thumb_front.jpg,http://www.kkoutdoormedia.com/images/Yeshwant Stadium Chopati 40x20.jpg,1_O51191_thumb_front.jpg,,
8,http://www.kkoutdoormedia.com/images/Netaji Market 30x20.JPG,1_O51192_thumb_front.jpg,,,,
9,http://www.kkoutdoormedia.com/images/Darodkar Chowk 40X20.JPG,1_O51193_thumb_front.jpg,,,,
10,http://www.kkoutdoormedia.com/images/C.A. Road Gandhi Putla (Lit)(30x20).jpg,1_O51194_thumb_front.jpg,,,,
11,http://www.kkoutdoormedia.com/images/C.A. Road Chandralok (Lit)(40x20).jpg,1_O51195_thumb_front.jpg,,,,
12,http://www.kkoutdoormedia.com/images/Civil_Lines_Jaika_Motors 20X20.jpg,1_O51196_thumb_front.jpg,,,,
13,http://www.kkoutdoormedia.com/images/Opp VCA CCD 20X20.jpg,1_O51197_thumb_front.jpg,,,,
14,http://www.kkoutdoormedia.com/images/BVM Civil Lines 15X30.jpg,1_O51198_thumb_front.jpg,,,,
15,http://www.kkoutdoormedia.com/images/Cotton Market 30x20.JPG,1_O51199_thumb_front.jpg,,,,
16,http://www.kkoutdoormedia.com/images/Opp. Dharampeth School 15X30.jpg,1_O51200_thumb_front.jpg,,,,
17,http://www.kkoutdoormedia.com/images/Ajit Bakery 30X20.JPG,1_O51201_thumb_front.jpg,1_O51201_thumb_front.jpg,,,
18,http://www.kkoutdoormedia.com/images/Opp Dharampeth College 15X30.jpg,1_O51202_thumb_front.jpg,,,,
19,http://www.kkoutdoormedia.com/images/Bhole Petrol Pump (Lit)(40x20).jpg,1_O51203_thumb_front.jpg,,,,
20,http://www.kkoutdoormedia.com/images/Giripeth 25 x 25.JPG,1_O51204_thumb_front.jpg,,,,
21,http://www.kkoutdoormedia.com/images/WHC Rd Giripeth 30X20.jpg,1_O51205_thumb_front.jpg,,,,
22,http://www.kkoutdoormedia.com/images/Shankar Nagar Metro (20x30) Lit.jpg,1_O51206_thumb_front.jpg,,,,
23,http://www.kkoutdoormedia.com/images/Shankar Nagar (30x20) Lit.jpg,1_O51207_thumb_front.jpg,,,,
24,http://www.kkoutdoormedia.com/images/Laxmi_Bhavan_Square_40X20.JPG,1_O51208_thumb_front.jpg,,,,
25,http://www.kkoutdoormedia.com/images/Dharampeth Coffee House Chowk 40X30.jpg,1_O51209_thumb_front.jpg,,,,
26,http://www.kkoutdoormedia.com/images/Hingna old Rly Crossing 20 x 10.jpg,1_O51210_thumb_front.jpg,http://www.kkoutdoormedia.com/images/Hingna old Rly Crossing 20 x 10.jpg,1_O51210_thumb_front.jpg,,
27,http://www.kkoutdoormedia.com/images/Hingna Near DB Mart Turning 20X10.JPG,1_O51211_thumb_front.jpg,,http://www.kkoutdoormedia.com/images/Hingna Near DB Mart Turning 20X10.JPG,1_O51211_thumb_front.jpg,
28,http://www.kkoutdoormedia.com/images/Higna T point 40x20 (Nonlit).jpg,1_O51212_thumb_front.jpg,,,,
29,http://www.kkoutdoormedia.com/images/Hingna_near_Xavier_School.JPG,1_O51213_thumb_front.jpg,,,,
30,http://www.kkoutdoormedia.com/images/Kadbi Chowk Mangal Mandap 30x15.JPG,1_O51214_thumb_front.jpg,,,,
31,http://www.kkoutdoormedia.com/images/Kadbi chowk going towards bardi 20x20.JPG,1_O51215_thumb_front.jpg,,,,
32,http://www.kkoutdoormedia.com/images/Kamal Chowk 30X20.jpg,1_O51216_thumb_front.jpg,,,,
33,http://www.kkoutdoormedia.com/images/Kadbi Chowk near Gurudwara (Nonlit)(20x10).jpg,1_O51217_thumb_front.jpg,,,,
34,http://www.kkoutdoormedia.com/images/10 no Pulia 40 x 20.JPG,1_O51218_thumb_front.jpg,,,,
35,http://www.kkoutdoormedia.com/images/Mangalwari fly over 25 x 25.JPG,1_O51219_thumb_front.jpg,,,,
36,http://www.kkoutdoormedia.com/images/Uppalwadi Bridge 20X10.jpg,1_O51220_thumb_front.jpg,,,,
37,http://www.kkoutdoormedia.com/images/Uppalwadi Bridge 40X6.jpg,1_O51221_thumb_front.jpg,,,,
38,http://www.kkoutdoormedia.com/images/Indora Square 30X20.jpg,1_O51222_thumb_front.jpg,,,,
39,http://www.kkoutdoormedia.com/images/Medical Chowk 21X25.jpg,1_O51223_thumb_front.jpg,,,,
40,http://www.kkoutdoormedia.com/images/Medical Chowk 40X20.jpg,1_O51224_thumb_front.jpg,,,,
41,http://www.kkoutdoormedia.com/images/Medical to Ajni 30X20.jpg,1_O51225_thumb_front.jpg,,,,
42,http://www.kkoutdoormedia.com/images/RSS GROUND 20 x 20.jpg,1_O51226_thumb_front.jpg,,,,
43,http://www.kkoutdoormedia.com/images/Narendra Nagar 20X0.jpg,1_O51227_thumb_front.jpg,,,,
44,http://www.kkoutdoormedia.com/images/University Library 20X20.jpg,1_O51228_thumb_front.jpg,,,,
45,http://www.kkoutdoormedia.com/images/University Library 30X20.jpg,1_O51229_thumb_front.jpg,,,,
46,http://www.kkoutdoormedia.com/images/Santra Market Facing Empress Mall 20 x 10.jpg,1_O51230_thumb_front.jpg,,,,
47,http://www.kkoutdoormedia.com/images/Santra Market facing ramjhula.JPG,1_O51231_thumb_front.jpg,,,,
48,http://www.kkoutdoormedia.com/images/Empress Mall Entrance 20X20.JPG,1_O51232_thumb_front.jpg,,,,
49,http://www.kkoutdoormedia.com/images/Bishop Cotton 40X20.jpg,1_O51233_thumb_front.jpg,,,,
50,http://www.kkoutdoormedia.com/images/Sadar above dinshws 40x20.jpg,1_O51234_thumb_front.jpg,,,,
51,http://www.kkoutdoormedia.com/images/sadar coffe house 20x10.JPG,1_O51235_thumb_front.jpg,,,,
52,http://www.kkoutdoormedia.com/images/Sadar Raskunj 40X20.JPG,1_O51236_thumb_front.jpg,,,,
53,http://www.kkoutdoormedia.com/images/Sadar_Main_Road_Facing_Ashoka.jpg,1_O51237_thumb_front.jpg,,,,
54,http://www.kkoutdoormedia.com/images/Sadar Main rd Facing Perdesi.JPG,1_O51238_thumb_front.jpg,,,,
55,http://www.kkoutdoormedia.com/images/Sadar_opp.tuli 30X20.jpg,1_O51239_thumb_front.jpg,,,,
56,http://www.kkoutdoormedia.com/images/Sanjha Chulha (20x20) Nonlit.jpg,1_O51240_thumb_front.jpg,,,,
57,http://www.kkoutdoormedia.com/images/Wardhaman Nagar Rly Crossing (20x20) Nonlit.jpg,1_O51241_thumb_front.jpg,,,,
58,http://www.kkoutdoormedia.com/images/Telephone Exchange Chowk.jpg,1_O51242_thumb_front.jpg,,,,
59,http://www.kkoutdoormedia.com/images/Wardha Rd Bardi Flyover Martha Mandir 40x20.jpg,1_O51243_thumb_front.jpg,,,,
60,http://www.kkoutdoormedia.com/images/Wardha Rd Chhtarapati Flyover 40X20.jpg,1_O51244_thumb_front.jpg,,,,
61,http://www.kkoutdoormedia.com/images/wardha rd Chinchbhavan fly Over 40X20.JPG,1_O51245_thumb_front.jpg,,,,
62,http://www.kkoutdoormedia.com/images/Laxmi Narayan Sabhagrah 40X20.jpg,1_O51246_thumb_front.jpg,,,,
63,http://www.kkoutdoormedia.com/images/Wardha Rd opp. Hotel Sun-n-Sand 40X20.JPG,1_O51247_thumb_front.jpg,1_O51247_thumb_front.jpg,,,
64,http://www.kkoutdoormedia.com/images/Paul Complex 50 x 20.JPG,1_O51248_thumb_front.jpg,,,,
65,http://www.kkoutdoormedia.com/images/Wardha Rd Poul Complex Ajni Chowk 40X20.jpg,1_O51249_thumb_front.jpg,,,http://www.kkoutdoormedia.com/images/Wardha Rd Poul Complex Ajni Chowk 40X20.jpg,1_O51249_thumb_front.jpg
