Sr No.,Location,Description,LIT,Size,Link,Image Name
,,,,,,
2,Banjara Hills ,opp. City cr ftf. GVK,LIT,40x40,http://www.prakasharts.com/code/2852.Banajara Hills Road No 1 Fg GVK 40 X 40_SCULLERS.JPG,1_O51492_thumb_front.jpg
,Banjara Hills ,opp. City Cr ftf.    Care Hospital,LIT,35x40,http://www.prakasharts.com/code/2853.Banjarahills fg;masabtank 35x40 -SPICE JET-2.JPG,1_O51493_thumb_front.jpg
4,Banjara Hills ,opp. GVK ftf.    Tajkrishna  (Left),LIT,40x40,http://www.prakasharts.com/code/2854. Banjarahills Opp.GVK ftf. Taj Krishna (Left) 40x40_SHREE JEWLERY.JPG,1_O51494_thumb_front.jpg
5,Banjara Hills ,opp. GVK ftf.    GVK  (Right) (30 x 15),LIT,40x40,http://www.prakasharts.com/code/2855. Banjarahills  Opp. GVK  ftf. Taj Krishna (Right) 40x40-JSPL.JPG,1_O51495_thumb_front.jpg
6,Banjara Hills ,Srinagar Col x Rds    TV9; adj. IOC ftf. Nag. Cr,LIT,40x40,http://www.prakasharts.com/code/2856.Banjara Hills Nr. Tv9 Fg; Nagarjuna Cr 40x40 copy.jpg,1_O51496_thumb_front.jpg
7,Banjara Hills ,Srinagar Col x Rds    TV9; Ftf KBR Park,LIT,40x25,http://www.prakasharts.com/code/2857.Banjara Hills Nr. Tv9 Fg; Nagarjuna Cr 40x25.jpg,1_O51497_thumb_front.jpg
8,Basheerbagh,adj. flyover; opp.    Shanbagh ftf. Nizam College,LIT,40x30,http://www.prakasharts.com/code/2862.Basheerbagh fo fg Abids 40x40.JPG,1_O51498_thumb_front.jpg
9,Basheerbagh,adj. flyover; opp.    Shanbagh ftf. Liberty cr,LIT,40x40,http://www.prakasharts.com/code/2863.basheerbagh flyover fg Liberty 40x40.JPG,1_O51499_thumb_front.jpg
10,Begumpet,opp. Varun Towers;    temple ftf. Airport,LIT,40x40,http://www.prakasharts.com/code/2864.Begumpet Temple FLYOVER  fg Old Airport 40x40.JPG,1_O51500_thumb_front.jpg
11,Begumpet,opp. Varun Towers;    temple ftf. Flyover,LIT,40x40,http://www.prakasharts.com/code/2865.Begumpet Temple Fg; Greenlands 40x40.JPG,1_O51501_thumb_front.jpg
12,Begumpet,Country Club ftf.    Life Style; Greenlands,LIT,40x40,http://www.prakasharts.com/code/2866.Begumpet fo fg. Lifestyle 40x40.JPG,1_O51502_thumb_front.jpg
13,Begumpet,Country Club ftf.    Airport,LIT,40x40,http://www.prakasharts.com/code/2866.Begumpet fo fg. Lifestyle 40x40.JPG,1_O51503_thumb_front.jpg
18,Begumpet,Rly stn PF 1 side;    ftf. Airport,LIT,40x40,http://www.prakasharts.com/code/2867.Begumpet Fo Fg; Old Airport 40x40_Sree nidhi,1_O51504_thumb_front.jpg
19,Jubilee Hills,Rd # 36; ftf.    Chekpost,LIT,40x40,http://www.prakasharts.com/code/2873.Jubilee hills Rd No 36 Fg Jubile Hills 40x40_LEE.JPG,1_O51505_thumb_front.jpg
20,Jubilee Hills,Rd # 36; ftf. Hitech    city,LIT,40x40,http://www.prakasharts.com/code/4660     Jubileehills 40x40 fg Hitech City (6).JPG,1_O51506_thumb_front.jpg
21,Jubilee Hills,Rd # 36 nr MOR  ftf. Checkpost,LIT,40x40,http://www.prakasharts.com/code/2874.Jubleehills RD NO36 40x40 (1)_800_600.JPG,1_O51507_thumb_front.jpg
22,Jubilee Hills,Rd # 36 nr MOR ftf.    Madapur,LIT,40x40,http://www.prakasharts.com/code/2875.Jubilee Hills rd No; 36 MOR fg. Hitech city 40x40_BARCLAYS.JPG,1_O51508_thumb_front.jpg
23,Jubilee Hills,Rd.# 36;  Barista ftf. Cybercity,LIT,40x40,http://www.prakasharts.com/code/2876.Jubleehills Barista fg;Madhapur 40x40_DOVE.JPG,1_O51509_thumb_front.jpg
24,Jubilee Hills,Rd.# 36;  Barista ftf. Checkpst ,LIT,40x40,http://www.prakasharts.com/code/2877.Jubilee hills Adj; Barista fg; Checkpost 40x40_Sri Chaitanya.JPG,1_O51510_thumb_front.jpg
25,Jubilee Hills,Kavuri Hills near    Srinidhi School ftf. Peddamma Temple,LIT,40x40,http://www.prakasharts.com/code/2878.Kavuri Hills 40x40.JPG,1_O51511_thumb_front.jpg
26,Jubilee Hills,Kavuri Hills near    Srinidhi School ftf. Kavuri Hills,LIT,40x40,http://www.prakasharts.com/code/4661      Kavur hills fg;   Kavur hills 40x40.JPG,1_O51512_thumb_front.jpg
27,Jubilee Hills,Kavuri Hills near    Arch ftf. Checkpost; Peddamma Tmpl,LIT,40x40,http://www.prakasharts.com/code/2879.Kaverihills fg;Jubleehills Chekpost 40x40_MTS Mobiles.JPG,1_O51513_thumb_front.jpg
28,Jubilee Hills,Kavuri Hills near    Arch ftf. Madapur Pol st; Hitec city,LIT,30x40,http://www.prakasharts.com/code/2880.Madhapur At Kavuri Hills Fg Hitech City 30x40.JPG,1_O51514_thumb_front.jpg
29,K B R Park,near APP Labs ftf.    Checkpost,LIT,40x40,http://www.prakasharts.com/code/2883.KBR Park Adj; Aplabs  fg. checkpost 40 x 40_airtel.JPG,1_O51515_thumb_front.jpg
30,K B R Park,near APP Labs ftf. LV    Prasad / Nagarjuna cr,LIT,40x40,http://www.prakasharts.com/code/2884.KBR Park fg;Punjagutta 40x40 (1).JPG,1_O51516_thumb_front.jpg
31,K B R Park,Opp: Applabs ftf :    Nagarjuna cr,LIT,40x40,http://www.prakasharts.com/code/KBR Park opp.Aplabs fcg. Nagarjuna cr - 40 x 40.jpg,1_O51517_thumb_front.jpg
32,K B R Park,Opp: Applabs ftf :    Checkpost,LIT,40x40,http://www.prakasharts.com/code/Kbr park opp;app labs fg;Checkpost_800x600.jpg,1_O51518_thumb_front.jpg
33,Khairatabad,Intellegence off;    ftf. Eenadu; RTA Office,LIT,40x20,http://www.prakasharts.com/code/2885.Khairathabad 40x40_Santoor.JPG,1_O51519_thumb_front.jpg
34,Khairatabad,Intellegence off;    ftf. Khairatabad Circle,LIT,40x20,http://www.prakasharts.com/code/2886.Khairathabad XRD 40x20.JPG,1_O51520_thumb_front.jpg
35,Khairatabad,adj. Rly station ftf.    Flyover / Imax,LIT,40x40,http://www.prakasharts.com/code/2987 Airport_1  Airport Road Opp. Ashram2 fg. City 40x40 _4.JPG,1_O51521_thumb_front.jpg
36,Khairatabad,adj. Rly station ftf.    Panjagutta,LIT,40x40,http://www.prakasharts.com/code/2888.Khairtabad Junction Fg Punjagutta 40x40_2.JPG,1_O51522_thumb_front.jpg
37,Kothi,Womens College ftf.    Bank Street,LIT,40x40,http://www.prakasharts.com/code/2890.Kothi womens college Unipole Fg bank Street 40x40_SBI.JPG,1_O51523_thumb_front.jpg
38,Kothi,Womens College ftf.    Marathi Library,LIT,40x30,http://www.prakasharts.com/code/2891.  Koti 40x30.jpg,1_O51524_thumb_front.jpg
39,Kukatpally,Bharatnagar flyvoer    ftf. Moosapet,LIT,40x40,http://www.prakasharts.com/code/2892.Moosapet fg;KPHB 40x40 (2).JPG,1_O51525_thumb_front.jpg
40,Kukatpally,Bharatnagar flyvoer    ftf. Erragadda,LIT,40x40,http://www.prakasharts.com/code/2893.Moosapet flyover Fg; Ameerpet 40X40_Appolo.JPG,1_O51526_thumb_front.jpg
47,Madhapur,near NIFT fg. Hitec    city,LIT,40x40,http://www.prakasharts.com/code/2900. Hitechcity 40x40 -TOI.JPG,1_O51527_thumb_front.jpg
48,Madhapur,near NIFT fg. Jubilee    Hills,LIT,40x40,http://www.prakasharts.com/code/2901.Madhapur NIFT Premises Fg; Madhapur 40x40_Sujana Plus-3.JPG,1_O51528_thumb_front.jpg
49,Masabtank,adj: Flyover; ftf:    Mehidipatnam,LIT,40x20,http://www.prakasharts.com/code/2902.Masabtank fo fg;NMDC 40x20_Yashoda-3.JPG,1_O51529_thumb_front.jpg
50,Masabtank,adj: Flyover; ftf:    Lakdikapool,LIT,40x20,http://www.prakasharts.com/code/2903.Masabtank fg; Lakdikapul 40x20_Apollo.JPG,1_O51530_thumb_front.jpg
51,Necklace Road,MMTS Station ftf.    Sanjivaiah Park            [1],LIT,30x30,http://www.prakasharts.com/code/2904.Necklacerd Fg;sanjeevaiah Park 30x30 -DOVE.JPG,1_O51531_thumb_front.jpg
52,Necklace Road,MMTS Station ftf.    IMAX                             [1],LIT,30x30,http://www.prakasharts.com/code/2905.Necklace Rd fg. Imax 30x30 --TVS.jpg,1_O51532_thumb_front.jpg
53,Necklace Road,MMTS Station ftf.    Sanjivaiah Park            [2],LIT,30x30,http://www.prakasharts.com/code/2906.Necklacerd fg;Sec;30x30.JPG,1_O51533_thumb_front.jpg
54,Necklace Road,MMTS Station ftf.    IMAX                             [2],LIT,30x30,http://www.prakasharts.com/code/2907. .Necklacerd fg;Imax 30x30 _RADIO MIRCHI.JPG,1_O51534_thumb_front.jpg
55,Nizam Club,ftf. Lakdikapool;    Ravindrabharti,LIT,40x40,http://www.prakasharts.com/code/2908.Nizamclub Opp.Ravindrabharathi 40x40 (1).JPG,1_O51535_thumb_front.jpg
56,Nizam Club,ftf. Lakdikapool;    Ravindrabharti,LIT,40x40,http://www.prakasharts.com/code/2908.Nizamclub Opp.Ravindrabharathi 40x40 (1).JPG,1_O51536_thumb_front.jpg
57,Nizam College,ftf: Public Gardens;    LB Stadium,LIT,50x20,http://www.prakasharts.com/code/2909.Nizam collage unipole 50x20.JPG,1_O51537_thumb_front.jpg
58,Nizam College,ftf: Abids GPO,LIT,40x20,http://www.prakasharts.com/code/2910.Nizamcollege FG;Abids 40x20_Ponds.JPG,1_O51538_thumb_front.jpg
59,Nizam College,ftf: Abids GPO,LIT,40x30,http://www.prakasharts.com/code/2911.Nizamcollege fg;Abids 40x30 (3).JPG,1_O51539_thumb_front.jpg
60,Panjagutta,Pol. Stn ftf.    Somajiguda,LIT,80x20,http://www.prakasharts.com/code/2912.Punjagutta  police stn ftf; somajiguda 80x20.JPG,1_O51540_thumb_front.jpg
61,Panjagutta,ColonyTemple ftf.    Pol. Station; NIMS,LIT,40x30,http://www.prakasharts.com/code/2913.Punjagutta Srinagar Colony Fg  Punjagutta 40x30_3.JPG,1_O51541_thumb_front.jpg
62,Panjagutta,Colony Temple ftf.    Ameerpet; BIG BAZAR,LIT,40x30,http://www.prakasharts.com/code/2914.Punjagutta at Srinagar Colony Fg Ameerpet 40x30_Radio Mirchi.JPG,1_O51542_thumb_front.jpg
63,Panjagutta,ColonyTemple ftf.    Srinagar colony,C,12x30,http://www.prakasharts.com/code/2915.Punjagutta At Srinagar Colony Fg Srinagar Colony 12x30_Bright.jpg,1_O51543_thumb_front.jpg
64,Patny x Roads ,Mahboob College ftf.    Clocktwr,LIT,40x40,http://www.prakasharts.com/code/2916.Patny Cr fg. clock tower 40x40_MTS Mobile.JPG,1_O51544_thumb_front.jpg
65,Patny x Roads ,Mahboob College ftf.    Jn; SD Rd,LIT,40x40,http://www.prakasharts.com/code/2917.Patny Circle Fg; Junction 40x40_JOYALUKAS.JPG,1_O51545_thumb_front.jpg
66,Public Gardens,Police Control Room    ftf. R'bharati,LIT,50x20,http://www.prakasharts.com/code/2918Police Controll Room Fg Ravindra Bharathi 50x20_2.JPG,1_O51546_thumb_front.jpg
67,Public Gardens,Police Control Room    ftf. Nampally,LIT,50x20,http://www.prakasharts.com/code/2919.Police Control Room fg. Nampally 50x20.JPG,1_O51547_thumb_front.jpg
68,S P Road,PG College; Paradise    flyover; ftf: Airport,LIT,40x40,http://www.prakasharts.com/code/2920.Paradise Flyover Fg Old Airport 40x40_Yashoda-2.jpg,1_O51548_thumb_front.jpg
69,S P Road,PG College; Paradise    flyover; ftf: Paradegrnds,LIT,40x40,http://www.prakasharts.com/code/2921.paradise Flyover fg YMCA 40x40_APPOLLO_2.JPG,1_O51549_thumb_front.jpg
70,S P Road,opp. Anand VH Temple;    ftf. Airport,LIT,40x40,http://www.prakasharts.com/code/S P road Opp;Anand fg. Old Airport 40x40_King Fisher.JPG,1_O51550_thumb_front.jpg
71,S P Road,opp. Anand VH Temple;    ftf. CTO flyover,LIT,40x40,http://www.prakasharts.com/code/2923.S.P.Road Opp; Anand Fg; YMCA 40X40_Sujana Plus.JPG,1_O51551_thumb_front.jpg
72,S P Road,Rasoolpura Jn; ftf.    Paradise,LIT,50x60,http://www.prakasharts.com/code/2924.S P Road At Police Line x Roads Fg Paradise 50X60_TOI.JPG,1_O51552_thumb_front.jpg
74,S P Road,Rasoolpura Jn ftf.    Minister Rd,LIT,50x20,http://www.prakasharts.com/code/2926.SP Road Police Lines Rasoolpura Fg; Minister Road 50x20_MTS Mobile.JPG,1_O51553_thumb_front.jpg
75,Sangeet Cr,Rly. Guest House;    ftf: Clocktower,LIT,40x40,http://www.prakasharts.com/code/2928.Sangeeth x 40x40_Uninor-2.JPG,1_O51554_thumb_front.jpg
77,Shamshabad Airport Rd,Aramgarh - opp.    Parivar dhaba ftf. Jn; Hyd,LIT,40x40,http://www.prakasharts.com/code/2933. Shamshabad Airport Rd Near Armghar fg Aramghar 40x40.JPG,1_O51555_thumb_front.jpg
78,Shamshabad Airport Rd,Aramgarh - opp.    Parivar dhaba ftf. Airport; Bnglr,LIT,40x40,http://www.prakasharts.com/code/2934. Aramgar; shivarampally 40x40 fg;shamshaba_vasan.JPG,1_O51556_thumb_front.jpg
79,Shamshabad Airport Rd,NH-7 Gaganpahad nr HP    Bunk,LIT,40x40,http://www.prakasharts.com/code/2936. Aiport Road Gaganpahad fg; City 40x40_INDIAN OVERSEAS BANK.JPG,1_O51557_thumb_front.jpg
80,Shamshabad Airport Rd,NH-7 Gaganpahad nr HP    Bunk,LIT,40x40,http://www.prakasharts.com/code/2935.  Aiport Road Gaganpahad fg;Airport 40x40_Sujana Plus.JPG,1_O51558_thumb_front.jpg
,Shamshabad Airport Rd,NH-7 Gaganpahad    Sunder Steel fg. Hyd,LIT,40x40,http://www.prakasharts.com/code/2937 Shamshabad RD Shatam Rai Fg; City 40x40.JPG,1_O51559_thumb_front.jpg
,Shamshabad Airport Rd,NH-7 Gaganpahad    Sunder Steel fg. Airport,LIT,40x40,http://www.prakasharts.com/code/2938- Shamshabad Highway Sundeer steel  FG; Airport 40x40.JPG,1_O51560_thumb_front.jpg
81,Shamshabad Airport Rd,NH-7 Gaganpahad Ram    Dharma Kanta ftf. Hyd,LIT,40x40,http://www.prakasharts.com/code/2939. Shamshabad Towards fg. City 40x40.JPG,1_O51561_thumb_front.jpg
82,Shamshabad Airport Rd,NH-7 Gaganpahad Ram    Dharma Kanta ftf. Airport,LIT,40x40,http://www.prakasharts.com/code/2940. Shamshabad Towards City fg. Airport 40x40.JPG,1_O51562_thumb_front.jpg
83,Shamshabad Airport Rd,NH-7 Shatamrai ftf.    Airport /Sham'bad (Shed),LIT,40x40,http://www.prakasharts.com/code/2949.JPG,1_O51563_thumb_front.jpg
84,Shamshabad Airport Rd,NH-7 Shatamrai ftf.    Hyd / Shivrampally (Shed),LIT,40x40,http://www.prakasharts.com/code/2950.JPG,1_O51564_thumb_front.jpg
85,Shamshabad Airport Rd,NH-7 Shatamrai ftf.    Airport /Sham'bad (Nursery),LIT,40x40,http://www.prakasharts.com/code/2951.JPG,1_O51565_thumb_front.jpg
86,Shamshabad Airport Rd,NH-7 Shatamrai ftf.    Hyd / Shivrampally (Nursery),LIT,40x40,http://www.prakasharts.com/code/2952 Shamshabad Airport Road Fg City 40x40_4 copy.JPG,1_O51566_thumb_front.jpg
87,Shamshabad Airport Rd,NH 7 Shamshabad VH    Temple ftf. Hyd,LIT,40x40,http://www.prakasharts.com/code/2955 Shamshabad Veerhanuman Temple Fg Hyderabad City 40x40_UNINOR.JPG,1_O51567_thumb_front.jpg
88,Shamshabad Airport Rd,NH 7 Shamshabad VH    Temple ftf. Airport,LIT,40x40,http://www.prakasharts.com/code/2956. Shamshabad Hanumantemple Fg;Airport 40x40_Radio Mirchi.JPG,1_O51568_thumb_front.jpg
89,Shamshabad Airport Rd,NH 7 Shamshabad    (Scrap depot) ftf. Airport,LIT,40x40,http://www.prakasharts.com/code/2958. Shamshabad Airport NH-7 NH 7 Shamshabad (Scrap depot)  fg; airport 40x40.jpg,1_O51569_thumb_front.jpg
90,Shamshabad Airport Rd,NH 7 Shamshabad    (Scrap depot) ftf. Hyd,LIT,40x40,http://www.prakasharts.com/code/2957. Shamshabad Airport NH-7 NH 7 Shamshabad (Scrap depot)  fg; city 40x40.jpg,1_O51570_thumb_front.jpg
93,Shamshabad Airport Rd,NH 7 near Trumpet; br    ftf. Airport,LIT,40x40,http://www.prakasharts.com/code/2961.JPG,1_O51571_thumb_front.jpg
94,Shamshabad Airport Rd,NH 7 near Trumpet; br    ftf. Hyd; Shamshabad,LIT,40x40,http://www.prakasharts.com/code/2962.JPG,1_O51572_thumb_front.jpg
95,Shamshabad Airport Rd,NH 7 near Trumpet; br    ftf. Trumpet road,LIT,40x40,http://www.prakasharts.com/code/2963  Shmshabad fg;Trumpet Bridge city 40x40.JPG,1_O51573_thumb_front.jpg
96,Shamshabad Airport Rd,Airport Rd diversion    ftf. Hyd; Shamshabad,LIT,40x40,http://www.prakasharts.com/code/2964.Shamhabad Airport Entrance Fg; City 40x40_TOSHIBA.JPG,1_O51574_thumb_front.jpg
97,Shamshabad Airport Rd,NH 7 Airport Rd    diversion ftf. Airport; Bridge,LIT,40x40,http://www.prakasharts.com/code/2965.jpg,1_O51575_thumb_front.jpg
98,Airport Road,Bridge Nr Arch ftf.    City             [1],LIT,40x40,http://www.prakasharts.com/code/2972 Shamshabad nr Arch fg. Hyd 40x40-NEW LIC_2.jpg,1_O51576_thumb_front.jpg
99,Airport Road,Bridge near Arch ftf.    Airport           [1],LIT,40x40,http://www.prakasharts.com/code/2973 Shamshabad Nr. Arch Fg; Airport 40x40_Vodafone (2).JPG,1_O51577_thumb_front.jpg
100,Airport Road,Bridge near Arch ftf.    Hyd; NH 7          [2],LIT,40x40,http://www.prakasharts.com/code/2974.JPG,1_O51578_thumb_front.jpg
101,Airport Road,Bridge near Arch ftf.    Airport               [2],LIT,40x40,http://www.prakasharts.com/code/2975 Shamshabad Baburao Site Fg; Airport 40x40_Yashoda.JPG,1_O51579_thumb_front.jpg
102,Airport Road,Bridge near Arch Rly    trackftf. Airport             [3],LIT,40x40,http://www.prakasharts.com/code/2999.JPG,1_O51580_thumb_front.jpg
103,Airport Road,Inside Ashram ftf.    Hyd. NH 7         [1],LIT,40x40,http://www.prakasharts.com/code/2978 Shamshabad Asramam Fg;Hyd 40x40_Swamyji.JPG,1_O51581_thumb_front.jpg
104,Airport Road,Inside Ashram ftf.    Airport              [1],LIT,40x40,http://www.prakasharts.com/code/2979. Shamshabad Inside Ashramam Fg; Airport 40x40 --YREACH.JPG,1_O51582_thumb_front.jpg
105,Airport Road,Inside Ashram ftf.    Hyd. NH 7            [2],LIT,40x40,http://www.prakasharts.com/code/2980 Shamshabad Asramam 40x40 Fg;Hyd.JPG,1_O51583_thumb_front.jpg
106,Airport Road,Inside Ashram ftf.    Airport                 [2],LIT,40x40,http://www.prakasharts.com/code/2981.JPG,1_O51584_thumb_front.jpg
107,Airport Road,opp. Ashram (1st Row)    ftf. Airport      [1],LIT,40x40,http://www.prakasharts.com/code/2983 Airport_1 Opp. Ashram fg. Airport 40x40_(R).jpg,1_O51585_thumb_front.jpg
108,Airport Road,opp. Ashram (2nd Row)    ftf. Airport      [2],LIT,40x40,http://www.prakasharts.com/code/2984Airport_1 Opp. Ashram fg. Airport 40x40_(R).jpg,1_O51586_thumb_front.jpg
109,Airport Road,opp. Ashram (ast Row)    ftf. Hyd/ NH 7.      [1],LIT,40x40,http://www.prakasharts.com/code/2987 Airport_1  Airport Road Opp. Ashram2 fg. City 40x40 _4.JPG,1_O51587_thumb_front.jpg
110,Airport Road,opp. Ashram (2nd Row)    ftf. Hyd/ NH 7.      [2],LIT,40x40,http://www.prakasharts.com/code/2988 Airport_1  Airport Road Opp. Ashram2 fg. City 40x40 _4 (1).JPG,1_O51588_thumb_front.jpg
111,Airport Road,Airport Road ftf.    Airport       [1]   (Grampanchayath),LIT,40x40,http://www.prakasharts.com/code/2991Shamshabad Granpanchayath Fg; Airport 40x40-Apollo.JPG,1_O51589_thumb_front.jpg
,Airport Road,Airport road Ashram    ftf. Hyd/ NH 7  [1]  (Grampanchayath),LIT,40x40,http://www.prakasharts.com/code/2992 Shamshabad Airport Road Grampanchayath site fg; City 40x40_Contact.JPG,1_O51590_thumb_front.jpg
113,Airport Road,Airport road to Trumphet       [2]    (GP) nr Rly br,LIT,40x40,http://www.prakasharts.com/code/2989.JPG,1_O51591_thumb_front.jpg
114,Airport Road,Airport road Ashram    ftf. Hyd/ NH 7  [2]    (Grampanchayath),LIT,40x40,http://www.prakasharts.com/code/2999.JPG,1_O51592_thumb_front.jpg
115,Airport Road,towards Hiway near    Rly track ftf. Airport,LIT,40x40,http://www.prakasharts.com/#,1_O51593_thumb_front.jpg
116,Airport Road,towards Hiway near    Rly track ftf. City,LIT,40x40,http://www.prakasharts.com/code/3000 Airport Road Inside Ashramam Fg; City 40x40_Bakside of SBI.JPG,1_O51594_thumb_front.jpg
117,Airport Road,towards Hiway next to    Rly track ftf. Airport,LIT,40x40,http://www.prakasharts.com/code/3001 Shamshabad Airport Road   nr Arch fg. Airport 40x40_APOLO-cs.JPG,1_O51595_thumb_front.jpg
118,Airport Road,towards Hiway next to    Rly track ftf. City,LIT,40x40,http://www.prakasharts.com/code/3002.Shamshabad Airport Road   nr Arch fg. City 40x40_TIMS OF INDIA-CS.jpg,1_O51596_thumb_front.jpg
119,Airport Road,Trumpet road fcg.    Airport,LIT,40x40,http://www.prakasharts.com/code/3003.JPG,1_O51597_thumb_front.jpg
120,Airport Road,NH 7 near flyover    ftf. Flyover,LIT,40x40,http://www.prakasharts.com/code/3005 Shmshabad fg;Trumpet Bridge city 40x40(Ashok Dubay).JPG,1_O51598_thumb_front.jpg
121,Somajiguda,Necklace Rd MMTS ftf.    Khairatabad,LIT,30x40,http://www.prakasharts.com/code/3011.Rajbhavan rd Adj; MMTS 30X40_MAHINDRA.JPG,1_O51599_thumb_front.jpg
122,Somajiguda ,Jaya Gardens ftf.    Somajiguda,LIT,40x40,http://www.prakasharts.com/code/3012.Rajbhavan Road Fg Somajiguda 40x40_Haywords 5000.JPG,1_O51600_thumb_front.jpg
123,Somajiguda ,Jaya Gardens ftf. Raj    Bhavan/ Khairatabad,LIT,40x40,http://www.prakasharts.com/code/3013.Somajiguda fg. Rajbhavan rd 40x40_Pepsi.JPG,1_O51601_thumb_front.jpg
124,Tankbund,Telugutalli flyover    ftf. Tankbund,LIT,40x40,http://www.prakasharts.com/code/3014.Tankbund T T Flyover fg. Secunderabad 40x40_sbi-new.JPG,1_O51602_thumb_front.jpg
125,Tankbund,Telugutalli flyover    ftf. Secretriat,LIT,40x40,http://www.prakasharts.com/code/3015.Tankbund Fg Secretariat 40x40_1.JPG,1_O51603_thumb_front.jpg
126,Tankbund,Telugutalli flyover    ftf. Liberty,LIT,30x15,http://www.prakasharts.com/code/3016.Tankbund Unipole fg. Liberty 30x15_PREMIERE LEAGUE.JPG,1_O51604_thumb_front.jpg
127,Sec'bad,near Gurdwara,LIT,40x40,http://www.prakasharts.com/code/4654    Sec'bad 40x40 (3).JPG,1_O51605_thumb_front.jpg
128,Banjara Hills ,Rd # 2 Cinemax; ftf.    LV Prasad,LIT,40x40,http://www.prakasharts.com/code/4655     Banjarahills Cinemax fgCheckpost 40x40_Pepsi.JPG,1_O51606_thumb_front.jpg
129,Banjara Hills ,Rd # 2 Cinemax; ftf.    Panjagutta,LIT,40x40,http://www.prakasharts.com/code/4656     Banjarahills Nr cinemax fg;punjagutta 40x40 _Park (1).JPG,1_O51607_thumb_front.jpg
130,Jubilee Hills,Rd # 36 nr Odyssy    ftf. Checkpost,LIT,40x30,http://www.prakasharts.com/code/4657Jubille hills Rd no.36;fg;Chekpost  40x30 - APOLLO-2.JPG,1_O51608_thumb_front.jpg
131,Jubilee Hills,Rd # 36 nr Odyssy    ftf. Madapur,LIT,20x25,http://www.prakasharts.com/code/4658     Jublee hills Rd no.36 25x20 (1)_800x600.JPG,1_O51609_thumb_front.jpg
132,Jubilee Hills,near Croma fg. Checkpost,LIT,40x40,http://www.prakasharts.com/code/4659     Jubilee Hills Nr. Chroma Fg; Checkpost 40x40 (1).JPG,1_O51610_thumb_front.jpg
133,Banjara Hills ,Water Works Opp: GVK    fcg. Taj,LIT,30x15,http://www.prakasharts.com/#,1_O51611_thumb_front.jpg
134,Khairatabad,fcg. Imax,LIT,35x35,http://www.prakasharts.com/#,1_O51612_thumb_front.jpg
135,Khairatabad,Fcg. Jn,LIT,35x35,http://www.prakasharts.com/#,1_O51613_thumb_front.jpg
1,Abids Center,Grammar School top of    Unity Building ftf. Gunfoundry,LIT,40x20,http://www.prakasharts.com/code1/3018 Abids Unity House 40x20.JPG,1_O51614_thumb_front.jpg
2,Abids Center,Above GHMC Parking    Complex ftf. Gunfoundry,LIT,60x20,http://www.prakasharts.com/code1/3019.  Abids  Center Above GHMC Parking Complex ftf; Gunfoundry 60x20 - TOSHIBA.JPG,1_O51615_thumb_front.jpg
3,Abids Center,Ramkrishna Homeo;    ftf.GPO Jn; Big Bazar,p,30x25,http://www.prakasharts.com/code1/3023. Abids Troop Bazar Above Ramakrishna Homeo Fg Big Bazar 30x25_HAVELLS.JPG,1_O51616_thumb_front.jpg
4,Afzalgunj  ,Bus Terminus Ftf:    Nayapool br.,C,60x25,http://www.prakasharts.com/code1/3024. Afzalgunj Cr Fg Nayapool 60x25_1.JPG,1_O51617_thumb_front.jpg
5,Afzalgunj  ,Bus Terminus; ftf:    Nayapool br.,P,30x15,http://www.prakasharts.com/code1/3025. Afzalgunj circle  fg Nayapool 30x15_IDEA.JPG,1_O51618_thumb_front.jpg
6,Afzalgunj  ,National Hotel ftf.    Nayapool R,LIT,60x25,http://www.prakasharts.com/code1/3026. Afzalgunj Above National Lodge Fg Nayapool 60x25.JPG,1_O51619_thumb_front.jpg
7,Afzalgunj  ,National Hotel ftf.    Nayapool L,LIT,60x25,http://www.prakasharts.com/code1/3027.Afzalgunj Above National Lodge Fg Nayapool 60x25_Pepsi-2.JPG,1_O51620_thumb_front.jpg
8,Afzalgunj  ,Osmania Jubilee Block    Cr ftf. Afzalgunj,C,50x20,http://www.prakasharts.com/code1/3028. Afzalgunj Adj Workshops  osmangunj road50x20_2.JPG,1_O51621_thumb_front.jpg
9,Ameerpet Center,on way to Greenlands    ftf. Ameerpet Jn,P,50x20,http://www.prakasharts.com/code1/3029. Ameerpet onway to Greenlands 50x20_2.JPG,1_O51622_thumb_front.jpg
10,Ameerpet Center,Junction; ftf. SR    Nagar,LIT,40x25,http://www.prakasharts.com/code1/3030. Ameerpet Junction Fg S.R.Nagar 40x25_Fuel.JPG,1_O51623_thumb_front.jpg
11,Ameerpet Center,Vangapalli ftf.    Ameerpet Jn; Lalbungalow,LIT,46x25,http://www.prakasharts.com/code1/3031. Ameerpet cr fg; Greenlands 46x25_1.JPG,1_O51624_thumb_front.jpg
12,Ameerpet Center,SVR Travels; Ameerpet    Jn ftf. Panjagutta,p,40x20,http://www.prakasharts.com/code1/3032. Ameerpet x Roads 40x20_1.JPG,1_O51625_thumb_front.jpg
13,Ameerpet Center,SVR Travels; Ameerpet    Jn; ftf. SR Nagar,p,50x25,http://www.prakasharts.com/code1/3033. Ameerpet Cr towards Pajagutta fg;Jn 50x25_.JPG,1_O51626_thumb_front.jpg
14,Ameerpet Center,Near Eenadu office    ftf. Ameerpet Jn,LIT,30x25,http://www.prakasharts.com/code1/3034. Ameerpet Cr towards Panjagutta fg; Jn 30x25_J.C. BRO.JPG,1_O51627_thumb_front.jpg
15,Ameerpet Center,top of V I P; nr    Lalbangalow ftf. Greenlands,LIT,50x25,http://www.prakasharts.com/code1/3036. Ameerpet  LalBunglow Above Vip World Fg Greenlands 50x25.JPG,1_O51628_thumb_front.jpg
16,Ameerpet Center,opp. Mytrivanam; ftf.    Ameerpet,LIT,50x25,http://www.prakasharts.com/code1/3037. Ameerpet Opp; Mytrivanam Fg Ameerpet 50x25.jpg,1_O51629_thumb_front.jpg
17,Ameerpet Center,opp. Mytrivanam; ftf:    SR Nagar,LIT,50x25,http://www.prakasharts.com/code1/3038. Ameerpet Opp; Mytrivanam fg SR. Nagar 50x25_AXEE.JPG,1_O51630_thumb_front.jpg
18,Ameerpet Center,Goldencave Bar; ftf.    Ameerpet,LIT,40x25,http://www.prakasharts.com/code1/3041.Ameerpet Above Golden Cave  Fg SR. Ameerpet 40x25_TOP ROMEN.JPG,1_O51631_thumb_front.jpg
19,Ameerpet Center,Goldencave Bar; ftf.    SR Nagar,LIT,40x25,http://www.prakasharts.com/code1/3042. Ameerpet Above Goldencave fg; SR Nagar 40x25_3.JPG,1_O51632_thumb_front.jpg
20,Balanagar,Junction; top of    Wines Shop ftf. Fatenagar,C,30x20,http://www.prakasharts.com/code1/3044. Balanagar Fg Fatehnagar Bridge 30x20_COUPUN.JPG,1_O51633_thumb_front.jpg
21,Balanagar,Junction ftf.    Fatehnagar,C,30x30,http://www.prakasharts.com/code1/3045. Balanagar Hotel Everest 30x30_2.JPG,1_O51634_thumb_front.jpg
25,Banjara Hills ,Diamond Tea Point    ftf: Masabtank,LIT,40x20,http://www.prakasharts.com/code1/3050. Banjara hills Road 1 Adj; Khaja Mansion 40x20_Cotton wrld.JPG,1_O51635_thumb_front.jpg
26,Banjara Hills ,near Barista ftf. Taj    Banjara; Care Hospital,LIT,40x25,http://www.prakasharts.com/code1/3051. Banjara Hills Near Chevrolet 40x25.JPG,1_O51636_thumb_front.jpg
27,Banjara Hills ,Nag. Cr G S Chambers    ftf. GVK,LIT,60x25,http://www.prakasharts.com/code1/3052.  Banjara Hills  Nagarjuna Circle Fg Taj 60x25_2.JPG,1_O51637_thumb_front.jpg
28,Banjara Hills ,Nag. Cr; G S Chambers    ftf. GVK,LIT,50x25,http://www.prakasharts.com/code1/3053.  Banjara Hills  Nagarjuna Circle Fg Taj 50x25_l.JPG,1_O51638_thumb_front.jpg
29,Banjara Hills ,Nag. Cr; adj. G S    Chambers; fg. GVK,LIT,60x25,http://www.prakasharts.com/code1/3054.  Banjara Hills  Nagarjuna Circle Fg Jubilee Hills 50x25_BOTTLES &amp; CHIMNEYS.JPG,1_O51639_thumb_front.jpg
30,Banjara Hills ,top of Vodafone; Ravi    Chambers;  ftf. Jn,LIT,50x25,http://www.prakasharts.com/,1_O51640_thumb_front.jpg
31,Banjara Hills ,Nag Cr top of    Vodafone ftf.Police St; X Rds,LIT,60x25,http://www.prakasharts.com/code1/3056. Banjara hills Nag Cr top of Vodafone ftf.Police St; X Rds(lit) 60x25.JPG,1_O51641_thumb_front.jpg
32,Barkatpura   ,Opp. Petrol Bunk ftf.    Kachiguda,C,40x15,http://www.prakasharts.com/code1/3057. Barkathpura Opp; Petrol Pump Ftf; Kachiguda  40x15.JPG,1_O51642_thumb_front.jpg
33,Basheerbagh,Hyderguda; ftf: Old    MLA Qrts,C,40x20,http://www.prakasharts.com/code1/3058. Basheerbagh Hyderguda ftf; old MAL qrts 40x20.JPG,1_O51643_thumb_front.jpg
34,Basheerbagh,L.B.Stadium; top of    Press Club ftf. Liberty,LIT,40x25,http://www.prakasharts.com/code1/3059. Basheerbagh Fo Fg Liberty 40x25.JPG,1_O51644_thumb_front.jpg
35,Basheerbagh,Top of Broadway    Tailors ftf. Junction,P,30x20,http://www.prakasharts.com/code1/3063.Basheerbagh Top of Broadway Tailors 30x20_Yashoda - 3.JPG,1_O51645_thumb_front.jpg
36,Basheerbagh,Near Ohris; MOR ftf.    Shanbagh; Nizam College,LIT,40x20,http://www.prakasharts.com/code1/3064. Basheerbagh Above Mor Fg; Abids 40x20_GODREJ.JPG,1_O51646_thumb_front.jpg
37,Basheerbagh,Near Ohris; MOR    ftf.Liberty; Tankbund,LIT,40x20,http://www.prakasharts.com/code1/3065. Basheerbagh  Nr Ohris MOR Fg; Liberty Tankbund  40x20.jpg,1_O51647_thumb_front.jpg
38,Begumpet,adj: Old airport    flyover,LIT,50x25,http://www.prakasharts.com/,1_O51648_thumb_front.jpg
39,Begumpet,Old Airport flyover;    ftf:Rasoolpura;  Sec,LIT,40x20,http://www.prakasharts.com/,1_O51649_thumb_front.jpg
40,Begumpet,opp. Shoppers stop    ftf. Old Airport,LIT,45x25,http://www.prakasharts.com/code1/3069. Begumpet Opp; Shoppers Stop Ftf Old Airportr 45x25_Jade Blue.JPG,1_O51650_thumb_front.jpg
41,Begumpet,Varun Towers-I ftf.    Greenlands; Lifestyle,LIT,50x25,http://www.prakasharts.com/code1/3073. Begumpet FO Top of Varun Motors 50x25_3.JPG,1_O51651_thumb_front.jpg
42,Begumpet,Flyover;Varun    Towers-II; ftf Lifestyle; Greenlands      [ L ],LIT,60x25,http://www.prakasharts.com/code1/3074. Begumpet Fo Top of Varun Motors Towers Fg Life style  Greenland 60x25 _MTS Mobile (L).JPG,1_O51652_thumb_front.jpg
43,Begumpet,Flyover;Varun    Towers-II; ftf Lifestyle; Greenlands      [ R ],LIT,60x25,http://www.prakasharts.com/code1/3075. Begumpet Fo Top of Varun Motors Towers Fg Life style  Greenland 60x25 _Spice Jet (R).JPG,1_O51653_thumb_front.jpg
44,Begumpet,adj. Flyover; Nala    ftf.Greenlands; Lifestyle,LIT,50x25,http://www.prakasharts.com/,1_O51654_thumb_front.jpg
45,Begumpet,Flyover; Nala ftf.Old    Airport; Shoppers stop,LIT,30x25,http://www.prakasharts.com/,1_O51655_thumb_front.jpg
46,Begumpet,Flyover; Nala    ftf.Greenlands; Lifestyle [L],LIT,60x25,http://www.prakasharts.com/,1_O51656_thumb_front.jpg
47,Begumpet,Flyover; Nala    ftf.Greenlands; Lifestyle [R],LIT,60x25,http://www.prakasharts.com/,1_O51657_thumb_front.jpg
48,Begumpet,Flyover; Bldg    top;  ftf.Old Airport; Shoppers stop,LIT,40x25,http://www.prakasharts.com/code1/3080. Bagumpet fo fg; Old Airport 40x25_Kamaneni Hospital.JPG,1_O51658_thumb_front.jpg
49,Begumpet,Flyover; Bldg top;    ftf.Greenlands; Lifestyle,LIT,40x25,http://www.prakasharts.com/code1/3081. Bagumpet fo fg; Greenlands; Life Style 40x25.JPG,1_O51659_thumb_front.jpg
50,Begumpet,Flyover; nr Rly    track;  ftf.Greenlands; Lifestyle,LIT,55x20,http://www.prakasharts.com/code1/3082. Begumpet fo fg;Greenlands 55x20_ST.MARY.JPG,1_O51660_thumb_front.jpg
51,Bhoiguda,Bhoiguda x Rds ftf.    Musheerabad; Gandhi Hospital,C,40x15,http://www.prakasharts.com/code1/3084. Bhoiguda X Rds FG; Musheerabad; Gandhi Hospital  40x15.JPG,1_O51661_thumb_front.jpg
52,Boats Club,opp. Marriot; nr    Tankbund Arch; ftf: Sec;bad; Ranigunj,LIT,50x25,http://www.prakasharts.com/code1/3085. Boats Club Opp; Marriot Nr. Tankbund Arch; Ftf; Sec; bad; Ranigunj 50x25_Hero Honda.jpg,1_O51662_thumb_front.jpg
53,Boats Club,opp: Marriot ftf.    Tankbund ,LIT,45x25,http://www.prakasharts.com/code1/3086 Boats Club at Marriot Ftf; Tankbund 45x25_VASAN.JPG,1_O51663_thumb_front.jpg
54,Boats Club,Waterside; ftf:    Tankbund           [L],LIT,60x25,http://www.prakasharts.com/code1/3088. Boats Club Water Side; Ftf; Tankbund 60x25_(R)Andhra Bank.JPG,1_O51664_thumb_front.jpg
55,Boats Club,Waterside; ftf:    Tankbund           [R],LIT,60x25,http://www.prakasharts.com/code1/3087. Boats Club Water Side; Ftf; Tankbund 60x25_(L)Crusoe.JPG,1_O51665_thumb_front.jpg
56,Boats Club,Giant Strr; Marriot    Jn ftf. Tankbund      [L],LIT,50x25,http://www.prakasharts.com/code1/3089. Boats Club Giant Strr; Marriot Jun Ftf; Tankbund (L) 50x25_GODREJ.JPG,1_O51666_thumb_front.jpg
57,Boats Club,Giant Strr; Marriot    Jn ftf. Tankbund      [R],LIT,50x25,http://www.prakasharts.com/code1/3090. Boats Club Giant Strr; Marriot Jun Ftf; Tankbund (L) 50x25_CHEVROLET.JPG,1_O51667_thumb_front.jpg
58,Boats Club,Marriot Jn ftf.    Tankbund,LIT,40x25,http://www.prakasharts.com/code1/3091.Boats Club Marriot Jn Ftf Tankbund  40x25_Kinf Fisher FIFA.JPG,1_O51668_thumb_front.jpg
59,Boats Club,ftf. Tankbund,C,20x10,http://www.prakasharts.com/code1/3094. Boats Club 20x10.JPG,1_O51669_thumb_front.jpg
60,Boats Club,ftf. Sec; bad,C,20x10,http://www.prakasharts.com/code1/3095. Boats Club  20x10_Y-  Axis.JPG,1_O51670_thumb_front.jpg
61,Boats Club,near Mosque ftf.    Ranigunj; ,C,20x10,http://www.prakasharts.com/,1_O51671_thumb_front.jpg
62,Boats Club,near Mosque ftf.    Ranigunj; ,LIT,50x25,http://www.prakasharts.com/code1/3096. Boats club Near Mosque Fg;Ranigunj 50x25_Pepsi.JPG,1_O51672_thumb_front.jpg
63,Bowenpally,near Bus stop; ftf.    Balanagar,C,40x20,http://www.prakasharts.com/code1/3097. Bownpally Near Bus stop Ftf; Balanagar 40x20.JPG,1_O51673_thumb_front.jpg
64,Chaderghat,Cross Roads; adj. Br;    ftf: Kothi,LIT,60x25,http://www.prakasharts.com/code1/3098.Chaderghat  Cross roads adj;Br FTF; Kothi 60x25_TIMES OF INDIA-3.JPG,1_O51674_thumb_front.jpg
65,Chaderghat,Cross Roads; adj. Br;    ftf: Kothi,LIT,39x25,http://www.prakasharts.com/code1/3099. Chaderghat  Cross roads adj;Br FTF; Kothi 39x25_Onida.JPG,1_O51675_thumb_front.jpg
66,Chaderghat,adj Br ftf. Malakpet,LIT,40x25,http://www.prakasharts.com/code1/3100. Chaderghat Adj; Brdige Ftf Malakpet 40x25.JPG,1_O51676_thumb_front.jpg
67,Chaderghat,adj. Bridge; ftf:    Malakpet; Dilsuknagar,LIT,60x25,http://www.prakasharts.com/code1/3101.Chaderghat Adj; Bridge  Ftf; Malakpet Dilsukhnagar 60x25_ Board_MTS.JPG,1_O51677_thumb_front.jpg
68,Chaderghat,adj. Bridge; ftf:    Malakpet; Dilsuknagar,P,50x25,http://www.prakasharts.com/code1/3102.Chaderghat Adj; Bridge  Ftf; Malakpet Dilsukhnagar 50x25_RELIANCE DIGITAL.JPG,1_O51678_thumb_front.jpg
69,Chaderghat,Cross Roads;    Cafepark;  ftf: Kothi,LIT,50x20,http://www.prakasharts.com/code1/3103.Chaderghat cr  Cafe Park Ftf; Kothi 50x20_RAYMONDS.JPG,1_O51679_thumb_front.jpg
70,Chaderghat,Cross Rds;    Ftf.Malakpet; Dilsuknagar,LIT,60x25,http://www.prakasharts.com/code1/3104. Chadarghat X Rds mkt; fg Malakpet  Dilsukhnagar 60x25_7Up.JPG,1_O51680_thumb_front.jpg
71,Chandrayangutta,adj flyover (top of    Hero Honda) ftf. Santoshnagar,P,60x25,http://www.prakasharts.com/code1/3105. Chandrayanagutta Adj; Flyover above Herohond Show Room fg; DRDL 60x25.JPG,1_O51681_thumb_front.jpg
72,Chandrayangutta,adj flyover (top of    Hero Honda) ftf. Bandlaguda; Airport,p,60x25,http://www.prakasharts.com/code1/3106. Chandrayanagutta Adj; Flyover above Herohond Show Room fg; Bundlaguda Airport 60x25.JPG,1_O51682_thumb_front.jpg
73,Chikkadpally,near Sunanda Hotel    ftf. Narayanguda fo,C,30x20,http://www.prakasharts.com/code1/3107. Chikaddpalli 30x20_1.JPG,1_O51683_thumb_front.jpg
74,Chilkalguda  ,adj. Oliphanata Br    [L] ftf. RTC x Rds,p,40x20,http://www.prakasharts.com/code1/3109,1_O51684_thumb_front.jpg
75,Chilkalguda  ,adj. Oliphanata Br    [R] ftf. RTC x Rds,P,40x20,http://www.prakasharts.com/,1_O51685_thumb_front.jpg
76,Chilkalguda  ,Tr Island nr    Rly.Qrts; ftf: Oliphanta Br,LIT,40x20,http://www.prakasharts.com/code1/3111. Chilkalaguda tR ISLAND NR RLY QTRS FtF; Oiliphnata Br 40x20_Docomo.JPG,1_O51686_thumb_front.jpg
77,Chilkalguda  ,Tr Island nr    Rly.Qrts; ftf: Oliphanta Br,p,30x15,http://www.prakasharts.com/code1/3112. Chilkalaguda tR ISLAND NR RLY QTRS FtF; Oiliphnata Br 30x15.JPG,1_O51687_thumb_front.jpg
78,Chilkalguda  ,Bhoiguda road,C,20x15,http://www.prakasharts.com/code1/3113. Chilkalguda Bhoiguda Road 20x15_IDEA F.F..JPG,1_O51688_thumb_front.jpg
79,Clock Tower Cr,Garden Restaurent    ftf. Patny Cr; SD Rd,LIT,60x25,http://www.prakasharts.com/code1/3114. Clocktower Cr  60x25_Manjee-2.JPG,1_O51689_thumb_front.jpg
80,Dilsukhnagar,Chaitanyapuri petrol    bunk ftf. LB Nagar,C,50x25,http://www.prakasharts.com/code1/3115. Dilsukhnagar Chaitanyapuri Petrol Pump Ftf; L.BNagar  50x25_Onida Mobiles.JPG,1_O51690_thumb_front.jpg
81,Dilsukhnagar,Chaitanyapuri ftf.    Kothapet; LB Nagar,C,25x30,http://www.prakasharts.com/code1/3116. Dilsukhnagar ChaitanyapuriFtf; LB.Nagar  25x30_Macromax Mobile.JPG,1_O51691_thumb_front.jpg
82,Dilsukhnagar,Chaitanyapuri ftf.    Bus depot; Rajadhani,LIT,30x25,http://www.prakasharts.com/code1/3117. Dilsukhnagar Chaitanyapur iFtf; LB.Nagar  30x25_TIMES OF INDIA.JPG,1_O51692_thumb_front.jpg
83,Dilsukhnagar,opp. Pol Stn; ftf.    Kothapet; LB Nagar,LIT,40x25,http://www.prakasharts.com/code1/3118. Dilsukhnagar Adj; Rajdhani Fg; L.B.Nagar 40x25 _SPICE MOBILES.JPG,1_O51693_thumb_front.jpg
84,Dilsukhnagar,opp. Pol Stn; ftf.    Bus depot; Rajadhani,LIT,40x25,http://www.prakasharts.com/code1/3119. Dilsukhnagar Opp; Police Stn Ftf; Depot 40x25_Dove.JPG,1_O51694_thumb_front.jpg
85,Dilsukhnagar,adj. Mega Cinema ftf.    Junction; Bus Depot,LIT,50x25,http://www.prakasharts.com/code1/3120. DilsukhnagarAdj; Mega Cinema ftf; Junction Bus depot 50x25.JPG,1_O51695_thumb_front.jpg
86,Dilsukhnagar,adj. Mega Cinema ftf.    Kotapet; LB Nagar,LIT,50x25,http://www.prakasharts.com/code1/3121. DilsukhnagarAdj; Mega Cinema ftf; Koyhapet LB Nagar 50x25.JPG,1_O51696_thumb_front.jpg
87,Dilsukhnagar,Konark Cinema opp.Bus    Depot ftf.LB Nagar,LIT,40x20,http://www.prakasharts.com/code1/3122. Dilsukhnagar Opp; Depot 40x20_Pepsi.JPG,1_O51697_thumb_front.jpg
88,Dilsukhnagar,opp. Bus depot ftf.    Junction; LB Nagar,LIT,40x20,http://www.prakasharts.com/code1/3124 Dilsukhnagar Top of Haridwar Fg Chaitanyapuri 40x20_2.JPG,1_O51698_thumb_front.jpg
89,Dilsukhnagar,adj: Venkatadri ftf:    Kothapet; LB Nagar,LIT,40x25,http://www.prakasharts.com/code1/3126.Dilsukhnagar Adj; Venkatadri Theatre Fg;Depo 40x25 -HERO.JPG,1_O51699_thumb_front.jpg
90,Dilsukhnagar,opp. Kalaniketan    ftf.TV Tower; Malakpet,LIT,60x25,http://www.prakasharts.com/code1/3127. Dilsukhnagar  Opp; Kalaniketan ftf; TV Tower 60x25 _Maha Shakti.JPG,1_O51700_thumb_front.jpg
91,Dilsukhnagar,top of Nalanda ftf.    Bus Terminus; LB Nagar,LIT,50x25,http://www.prakasharts.com/code1/3128. Dilsukhanagar Above Nalanda Fg Depot 50x25_DELMONTE.JPG,1_O51701_thumb_front.jpg
92,Esamia Bazar,Ftf. Chaderghat    Jn; ,P,36x20,http://www.prakasharts.com/code1/3129. Esamia Bazar 36x20_2.JPG,1_O51702_thumb_front.jpg
93,Fathenagar,Fathenagar f/o ftf.    Balanagar,C,40x20,http://www.prakasharts.com/code1/3132. Fathenagar fg;Balanagar 40x20_MTS.JPG,1_O51703_thumb_front.jpg
94,Fathenagar,Fathenagar f/o ftf.    Balkampet,C,40x20,http://www.prakasharts.com/code1/3133. Fathenagar Fg; S.R Nagar 40x20_MTS.JPG,1_O51704_thumb_front.jpg
95,Fathenagar,Balanagar Rd; ftf:    Flyover; Sanatnagar,C,30x20,http://www.prakasharts.com/,1_O51705_thumb_front.jpg
96,Fathenagar,Balanagar Rd; ftf:    Flyover; Sanatnagar,C,40x20,http://www.prakasharts.com/code1/3135   Fatehnagar; . Balanagar; 40x20.JPG,1_O51706_thumb_front.jpg
97,Gachibowli,Gachibowli x roads to    Kondapur,,50x25,http://www.prakasharts.com/code1/Gachibowli FG; darga 50x25.JPG,1_O51707_thumb_front.jpg
98,Gachibowli,Kondapur to    Gachibowli x rds,,50x25,http://www.prakasharts.com/code1/Gachibowli FG; Gachibowli road  50x25.JPG,1_O51708_thumb_front.jpg
99,Ghatkesar,Warangal Hiway near    Flyover ftf. Bhongiri,OS,60x15,http://www.prakasharts.com/code1/3136. Ghatkesar  Fg; Bhongir 60x15 _Bajaj Discover DTS.jpg,1_O51709_thumb_front.jpg
100,Ghatkesar,Warangal Hiway near    Flyover ftf. Uppal; Hyd,OS,60x15,http://www.prakasharts.com/code1/3137. Ghatkesar warangal highway  near fo ftf; uppal hyd 60x15.JPG,1_O51710_thumb_front.jpg
101,Greenlands,Meena Jewellers; ftf:    Gr.Kakatiya; Somajiguda ,LIT,60x25,http://www.prakasharts.com/code1/3138.Greenlands flyover 60x25-JOSALUKAS.JPG,1_O51711_thumb_front.jpg
102,Greenlands,near Grand Kakatiya;    ftf: S' guda,LIT,45x25,http://www.prakasharts.com/code1/3141. greenlands adj; grand kaktiya fg somajiguda 45x25_3.JPG,1_O51712_thumb_front.jpg
103,Greenlands,near Grand Kakatiya;    ftf.Greenlnds,LIT,50x25,http://www.prakasharts.com/code1/3142. Greenlands cr Nr ITC Fg Old Airport 50x25_1.JPG,1_O51713_thumb_front.jpg
104,Hafeezpet,flyover ftf.    Kondapur; Hitec city,c,40x30,http://www.prakasharts.com/code1/3145. Hayathnagar Fg LB Nagar; Vanasthalipura 40x20_1.JPG,1_O51714_thumb_front.jpg
105,Hayathnagar Cr.,near Bus st ftf. Film    city; Vijayawada,OS,40x20,http://www.prakasharts.com/code1/3146. Hayathnagar Fg LB Nagar 60x20_1.JPG,1_O51715_thumb_front.jpg
106,Hayathnagar Cr.,Above School ftf. LB    Nagar; Hyd,OS,60x20,http://www.prakasharts.com/code1/3147.Himayathnagar  near hyundai Fg; Liberty Cr 50x25 _TMC.JPG,1_O51716_thumb_front.jpg
107,Himayathnagar,near Hyundai ftf.    Liberty,LIT,50x25,http://www.prakasharts.com/code1/3148. Himayathnagar Main Road Adj; Hyundai 40x25_Chevrolet.JPG,1_O51717_thumb_front.jpg
108,Himayathnagar,near Hyundai ftf.    Liberty,LIT,40x25,http://www.prakasharts.com/code1/3149. Himayathnagar G.S. Towers Opp; More Mkt Ftf; Liberty 60x25_Macdolnad.JPG,1_O51718_thumb_front.jpg
109,Himayathnagar,GS Towers opp. More    Mkt ftf. Liberty,LIT,60x25,http://www.prakasharts.com/code1/3150. Himayathnagar GS Towers Opp; More Mkt Ftf; Blue Fox   50x25.JPG,1_O51719_thumb_front.jpg
110,Himayathnagar,GS Towers opp. More    Mkt ftf. Bluefox,LIT,50x25,http://www.prakasharts.com/code1/3151. Mehidipatnam 30x25.JPG,1_O51720_thumb_front.jpg
111,Himayathnagar,Above Gowtham Model    School fg. Liberty,LIT,50x25,http://www.prakasharts.com/code1/3152. HUmayannagar masabtank road ftf; sd eye hospital 30x20_ Micromax (1).JPG,1_O51721_thumb_front.jpg
112,Humayunagar ,Masab Tank Road    ftf.SD eye Hospital,LIT,30x25,http://www.prakasharts.com/code1/3151. Mehidipatnam 30x25.JPG,1_O51722_thumb_front.jpg
113,Humayunagar ,Masab Tank Road    ftf.SD eye Hospital,C,30x20,http://www.prakasharts.com/code1/3152. HUmayannagar masabtank road ftf; sd eye hospital 30x20_ Micromax (1).JPG,1_O51723_thumb_front.jpg
114,Humayunagar ,Masab Tank Road    ftf.SD eye Hospital,C,40x25,http://www.prakasharts.com/code1/3153. Humayannagar Masabtank Road ftf; SD Eye hospital  40x25 (2).JPG,1_O51724_thumb_front.jpg
115,Ibrahimpatnam,town entry ftf. Hyd,C,20x10,http://www.prakasharts.com/,1_O51725_thumb_front.jpg
116,Imlibun Bus Stn,adj. Bus St exit;    ftf. Nayapool,C,60x25,http://www.prakasharts.com/code1/3155. Imlibun BuS Stn exit ftf; Nayapool  60x25.JPG,1_O51726_thumb_front.jpg
117,Imlibun Bus Stn,adj. Bus St exit;    ftf. Bus Stn,C,80x15,http://www.prakasharts.com/code1/3156. Imlibun Bus Stand exit ftf; bus stn  80x15_MUTHOOT FINANC.jpg,1_O51727_thumb_front.jpg
118,Jubilee Hills,Kavuri Hills Srinidhi    School ftf. Checkpost ,LIT,50x25,http://www.prakasharts.com/code1/3157 . Jubilee Hills  Kavuri Hills Srinidhi School ftf. Checkpost 50x25.jpg,1_O51728_thumb_front.jpg
119,K B R Park,Near Shabdalaya; park    Jn ftf. Checkpost,LIT,60x25,http://www.prakasharts.com/code1/3158. KBR Park Fg Jubilee hIlls Check Post 60x25_MARRIOT.JPG,1_O51729_thumb_front.jpg
120,Kachiguda,Top of Nagina Bakery    ftf. Junction,C,30x15,http://www.prakasharts.com/code1/3159. Kachiguda Top of Nagina Bakery Ftf; Junction 30x15_Onida Mobiles.JPG,1_O51730_thumb_front.jpg
121,Karkhana,near Pol St ftf.    Sec'bad Club,LIT,30x30,http://www.prakasharts.com/code1/3160. Kharkana Fg Secunderabad Boats Club Road 30x30.JPG,1_O51731_thumb_front.jpg
122,Karkhana,near Pol St ftf.    Tirumalagiri,LIT,30x30,http://www.prakasharts.com/code1/3161. KharkhanaNr Police Stn  Fg Trimulgiri 30x30_Docomo.JPG,1_O51732_thumb_front.jpg
123,Karkhana,Jagdamba F Hall ftf.    Tirumalgiri,LIT,40x30,http://www.prakasharts.com/code1/3162.Kharkhana Jagadamba F Hall fg; Trimulgiri 40x30_VASAN.JPG,1_O51733_thumb_front.jpg
124,Karkhana,Jagdamba F Hall ftf.    Sec Club,C,40x25,http://www.prakasharts.com/code1/3163. Kharkhana Fg Secunderabad  40x30.JPG,1_O51734_thumb_front.jpg
125,Khairatabad,adj flyover ftf. IMAX    / Necklace Rd,LIT,40x25,http://www.prakasharts.com/code1/3165 Khairathabad Adj;  Flyover Fg;Imax; Necklace rd 40x25_SAIL.JPG,1_O51735_thumb_front.jpg
126,Khairatabad,ftf. Necklace Rd /    IMAX,LIT,50x25,http://www.prakasharts.com/code1/3166. Khairathabad Fg;Necklave rd Imax 50x25.jpg,1_O51736_thumb_front.jpg
127,Khairatabad,ftf. Necklace Rd /    IMAX,LIT,38x25,http://www.prakasharts.com/code1/3167. Khairatabad Adj; Railway Stn Fg Fo; Imax 38x25_1.JPG,1_O51737_thumb_front.jpg
128,Khairatabad,adj.Rly stn GHMC    Parking yard ftf. Flyover / Imax,LIT,60x25,http://www.prakasharts.com/code1/3168. Khairathabad Adj; Railway Stn GHMC Parking Yard ftf; Flyover Imax  60x25 (1).JPG,1_O51738_thumb_front.jpg
129,Khairatabad,behind Rly station    ftf. Flyover; Junction,LIT,30x30,http://www.prakasharts.com/code1/3169. Khairtabad Behind rly stn  ftf; flyover  Junction  30x25_Neon copy.jpg,1_O51739_thumb_front.jpg
130,Khairatabad,Perika Bhavan ftf:    Eenadu; Panjagutta,LIT,40x25,http://www.prakasharts.com/code1/3170. Khairtabad Perika Fg Punjagutta; Eenadu 40x25.JPG,1_O51740_thumb_front.jpg
131,Khairatabad,Perika Bhavan ftf:    Junction; Flyover,LIT,40x25,http://www.prakasharts.com/code1/3171. khairtabad x roads Above Perika Bhavan fg; junction 40x25_Mahindra.JPG,1_O51741_thumb_front.jpg
132,Khairatabad,Khairatabad x Rds;    ftf: Junction; Flyover,LIT,60x25,http://www.prakasharts.com/,1_O51742_thumb_front.jpg
133,Khairatabad,Khairatabad x Rds;    ftf: Junction; Flyover,LIT,33x25,http://www.prakasharts.com/,1_O51743_thumb_front.jpg
134,Khairatabad ,Adj.Flyover    Maruthinagar ftf. Junction,LIT,50x25,http://www.prakasharts.com/,1_O51744_thumb_front.jpg
135,Kothi,Amba Silks Andhra    Bank cr ftf. Womens College,LIT,36x20,http://www.prakasharts.com/code1/3175. Koti Andhra bank cr ftf; Womens college 36x20_TATA INDIGO CS-2.JPG,1_O51745_thumb_front.jpg
136,Kothi,Kushal complex Andhra    Bank cr fg. Womens College,LIT,30x25,http://www.prakasharts.com/code1/3176. Koti Kushal Complex Andhra Bank cr ftf; Woemsn college 30x25.jpg,1_O51746_thumb_front.jpg
137,Kothi,Marathi Library top;    ftf. Andhra Bank,LIT,50x20,http://www.prakasharts.com/code1/3177. Koti Top of Marathi Library Nr Womens College  50x20_DOCOMO.JPG,1_O51747_thumb_front.jpg
138,Kothi,Marathi Library wall    wrap ftf. Andrha Bank,LIT,36x20,http://www.prakasharts.com/code1/3178. Koti Womens College Marathi Library 36x20_BAJAJ.JPG,1_O51748_thumb_front.jpg
,Kothi,Opp; Womens College    Bus Stand,NON-LIT,30X25,http://www.prakasharts.com/,1_O51749_thumb_front.jpg
139,Kothi,Putli Bowli Cr ftf.    Andhra Bank; Osm Med College,P,40x20,http://www.prakasharts.com/,1_O51750_thumb_front.jpg
,Kothi,Opp; Womens College    Bus Stand,NON-LIT,40X25,http://www.prakasharts.com/code1/4653.  Koti Opp; Womens College Bus Stand 40x25_VIHARI MAA TV.JPG,1_O51751_thumb_front.jpg
140,Kukatpally,Moosapet x Roads; nr    Shasikala; ftf: KPHB,LIT,30x20,http://www.prakasharts.com/code1/3180. Kukkatpally Fg; KPHB 30X20AIRTELL.JPG,1_O51752_thumb_front.jpg
141,Kukatpally ,Moosapet x Roads; nr    Shasikala; ftf: flyover,LIT,30x20,http://www.prakasharts.com/code1/3181. Kukkatpally Moosapet Fg Flyover 30x20_ICICI.JPG,1_O51753_thumb_front.jpg
142,Kukatpally   ,opp. Sashikala ftf.    Flyover; Erragadda,LIT,60x20,http://www.prakasharts.com/code1/3182. Kukkatpally  Flyover  60x20_Jockey_2.JPG,1_O51754_thumb_front.jpg
143,L B Nagar,Minar Weigh br fg. Jn    Uppal,LIT,40x25,http://www.prakasharts.com/code1/3183.  L.B.Nagr cr Minar weigh Br fg. jn Uppal40x25_Sri Chaitanya.JPG,1_O51755_thumb_front.jpg
144,L B Nagar,Minar Weigh br fg. Jn    Dilsuknagar,LIT,60x25,http://www.prakasharts.com/code1/3184. L.B.Nagr cr Minar weigh Br fg. jn dilsukhnagar 60x25 (5).JPG,1_O51756_thumb_front.jpg
145,Lakdikapool,Krishna Hotel ftf.    Tel Bhavan; Secretariat,LIT,50x25,http://www.prakasharts.com/code1/3185. Lakdikapool Krishna hotel  ftf; Tel bhavan 50x25_KURL ON.JPG,1_O51757_thumb_front.jpg
146,Lakdikapool,Ganga Jamuna cr; IOB    ftf. Bridge,LIT,30x25,http://www.prakasharts.com/code1/3186. Lakdi-ka-pool Fg Bridge 30x25_Yashoda.JPG,1_O51758_thumb_front.jpg
147,Lakdikapool,Ganga Jamuna cr; IOB    ftf. Masabtank,LIT,30x25,http://www.prakasharts.com/code1/3187. Lakdikapul fg; Masbtank 30x25 (1).JPG,1_O51759_thumb_front.jpg
148,Lakdikapool,Ganga Jamuna ftf.    Bridge,LIT,40x25,http://www.prakasharts.com/code1/3188. Lakdikapool Above Ganga jamuna 40x25 _ICICI.JPG,1_O51760_thumb_front.jpg
149,Lakdikapool,Top of Photovision    ftf. Khairatabad;,C,30x15,http://www.prakasharts.com/code1/3189. Lakidikapool Opp; Shadan College 30x15_Kamaneni Hospital.JPG,1_O51761_thumb_front.jpg
150,Lakdikapool,RR Dist Collector    off; MMTS Station ftf. Br,p,50x20,http://www.prakasharts.com/code1/3190Lakdikapool adj;MMTS 50x20 - YASHODA.jpg,1_O51762_thumb_front.jpg
151,Liberty,Junction; bldg top;    ftf: Himayathnagar,LIT,28x20,http://www.prakasharts.com/code1/3191. Liberty X Roads Fg Himayathnagar 28x20_CrusoeA.JPG,1_O51763_thumb_front.jpg
152,Liberty,Junction; bldg top;    ftf: Himayathnagar,LIT,40x20,http://www.prakasharts.com/code1/3192,1_O51764_thumb_front.jpg
153,Liberty,Top of bldg; ftf:    Tank Bund,LIT,40x20,http://www.prakasharts.com/code1/3193. Liberty fg; Tankbund 40x20_Briliant G. Skool.JPG,1_O51765_thumb_front.jpg
154,Liberty,Sagarview bldg; ftf.    Secretariat; Tankbund,LIT,40x25,http://www.prakasharts.com/code1/3194. Liberty Sagarview 40x25_Reliance Jai Ho.JPG,1_O51766_thumb_front.jpg
155,Liberty,Sagarview bldg; ftf.    Liberty; Basheerbagh,LIT,40x25,http://www.prakasharts.com/code1/3195. Liberty Fg;Liberty Cr 40x25.JPG,1_O51767_thumb_front.jpg
156,Liberty,Sagarview bldg; ftf.    Secretariat; Tankbund,P,30x15,http://www.prakasharts.com/code1/3196. Liberty Sagerview Bldg fg Tankbund 30x15.JPG,1_O51768_thumb_front.jpg
157,M G Road,Ranigunj; Hotel    Balaji; ftf. Tankbund,LIT,50x25,http://www.prakasharts.com/code1/3202. M.G.Road; Ranigunj Above Balaji Hotel 50x25_Onida.JPG,1_O51769_thumb_front.jpg
158,M G Road,Ranigunj x Rds; ftf:    Tankbund,p,50x25,http://www.prakasharts.com/code1/3203. Ranigunj fg;Tankbund 50x25.JPG,1_O51770_thumb_front.jpg
159,M J Market,near Traffic Pol St;    ftf.Exhibition Grounds,LIT,40x20,http://www.prakasharts.com/code1/3204. M.J. Market 40x20_Tvs.JPG,1_O51771_thumb_front.jpg
160,M J Market,Top Of    CanaraConstruction ftf. Afzalgunj    [    L  ],LIT,60x25,http://www.prakasharts.com/code1/3206. MJ MKT 60x25 (2).JPG,1_O51772_thumb_front.jpg
161,M J Market,Top Of    CanaraConstruction ftf. Afzalgunj       [  R  ],LIT,60x25,http://www.prakasharts.com/code1/3205. MJ MKT 60x25_santoor.JPG,1_O51773_thumb_front.jpg
162,M J Market,near Karachi Bakery;    ftf. Abids,LIT,60x25,http://www.prakasharts.com/code1/3207. MJ Market 60X25_Deccen Chronicle.JPG,1_O51774_thumb_front.jpg
163,Madhapur,near Pol St; Hitec    City Road ftf. Hitec city   [ Upr ],LIT,40x20,http://www.prakasharts.com/code1/3210. Madhapur Fg;Hitechcity 40x20_Reliance IStore.JPG,1_O51775_thumb_front.jpg
164,Madhapur,near Pol St; Hitec    City Road ftf. Hitec city   [ Lwr ],LIT,40x20,http://www.prakasharts.com/code1/3209. Madhapur fg; Hitechcity 40x20_KINGFISHER.JPG,1_O51776_thumb_front.jpg
165,Madhapur,Petrol Bunk cr; ftf.    Jubilee Hills,LIT,40x20,http://www.prakasharts.com/code1/3211. Madhapur Fg Jubilee Hills 40x20.JPG,1_O51777_thumb_front.jpg
166,Malakpet,Mcpl Colony; ftf. TV    Tower; Dilsuknagar,C,40x25,http://www.prakasharts.com/code1/3212. Malakpet Mcpl Colony Ftf Tv Tower Dilsukhnagar 40x25_MUTHOOT FINFNC.jpg,1_O51778_thumb_front.jpg
167,Malakpet,Opp.Yashoda Hospital;    ftf. Dilsuknagar,P,36x20,http://www.prakasharts.com/code1/3215. Malakpet Near Chermas Traffic to DSNR 36X20_3.JPG,1_O51779_thumb_front.jpg
168,Malakpet,adj: Rly Br; ftf:    Nalgonda x Rds   [L],P,20x15,http://www.prakasharts.com/code1/3218.  Malakpet bridge Fg; Chaderghat 20x15_RELIANCE-ls-3.JPG,1_O51780_thumb_front.jpg
169,Malakpet,adj: Rly Br; ftf:    Nalgonda x Rds   [R],C,20x15,http://www.prakasharts.com/code1/3217. Malakpet 20x15_VIP.JPG,1_O51781_thumb_front.jpg
170,Masabtank,Ashoka Plaza;    adj.Flyover; ftf. Mehidipatnam,LIT,30x25,http://www.prakasharts.com/code1/3219. Masabtank fo fg; NMDC 30x25_MTS Mobile.JPG,1_O51782_thumb_front.jpg
171,Masabtank,near Khaja Mansion    fg. Banjara Hills,LIT,48x25,http://www.prakasharts.com/code1/4648     Masabtank 48x25 _Global Hsptal (3).JPG,1_O51783_thumb_front.jpg
172,Masabtank,near NMDC ftf.    Flyover; Lakdikapool,C,25x20,http://www.prakasharts.com/code1/3221. Masbtank NMDC 25x20 _Yashoda-3.JPG,1_O51784_thumb_front.jpg
173,Masabtank,adj. flyover ftf.    Mehidipatnam,LIT,50x25,http://www.prakasharts.com/code1/3222. Masabtank Fg S.D. Eye Hospital 50x25_Aircelll.JPG,1_O51785_thumb_front.jpg
174,Mehidipatnam,Cross Roads; Rytu    Bazar ftf. Masabtank,C,50x20,http://www.prakasharts.com/,1_O51786_thumb_front.jpg
175,Mehidipatnam ,Mehidipatnam Police    Stn; ftf. Junction,LIT,60x20,http://www.prakasharts.com/code1/3224.Mehdipatnam x roads 60x20_YASHODA.JPG,1_O51787_thumb_front.jpg
176,Mehidipatnam ,Survy Hotel ftf.    Junction; Masabtank,p,35x25,http://www.prakasharts.com/code1/3225. Mehdipatnam 35x25.JPG,1_O51788_thumb_front.jpg
177,Mehidipatnam ,near Rytu Bazar fg.    Rethibowli,p,40x25,http://www.prakasharts.com/code1/4647.   Mehdipatnam New Eraction Site 40x25.JPG,1_O51789_thumb_front.jpg
178,Mettuguda x Rds,ftf: Railnilayam   [L],LIT,40x20,http://www.prakasharts.com/code1/3227. Mettuguda x 40x20_Mahindra Vehicle.JPG,1_O51790_thumb_front.jpg
179,Mettuguda x Rds,ftf: Railnilayam   [R],LIT,40x20,http://www.prakasharts.com/code1/3226. Mettuguda X Rds fg Rail Nilayam  40x20 (R).JPG,1_O51791_thumb_front.jpg
180,Minister Road,Ranigunj Rd ftf.    Rasoolpura,LIT,40x20,http://www.prakasharts.com/code1/3230. Minister Road Fg Old Airport 40x20_Reliance.JPG,1_O51792_thumb_front.jpg
181,Nallakunta,Shankarmath Mkt; ftf:    Fever Hosptl,C,40x20,http://www.prakasharts.com/code1/3232. Nallakunta 40x20_BAJAJ.JPG,1_O51793_thumb_front.jpg
182,Nampally ,21st Century bldg    ftf. MJ Mkt,LIT,50x25,http://www.prakasharts.com/code1/3233. Nampally x Roads Fg Exhibition Grounds 50x25_1.JPG,1_O51794_thumb_front.jpg
183,Nampally ,Public Gardens ftf.    Control,LIT,60x25,http://www.prakasharts.com/code1/3234. Nampally  Public garden  ftf; controll room 60x25_Kalyan Jewel.JPG,1_O51795_thumb_front.jpg
184,Nampally ,Top of Royal Hotel    ftf. Nampally Rly Stn,P,60x20,http://www.prakasharts.com/code1/3235. Nampally 60x20 (1).JPG,1_O51796_thumb_front.jpg
185,Nampally ,Top of Durga Bhavan    ftf. MJ Market; Abids,LIT,60x25,http://www.prakasharts.com/code1/3236. Nampally Top of Durga bhavan  ftf; m.j.market; Abids 60x25_JOYALUKAS.JPG,1_O51797_thumb_front.jpg
186,Nampally ,Top of Durga Bhavan    ftf. MJ Market; Abids,LIT,40x25,http://www.prakasharts.com/code1/3237. Nampally Top of Durga bhavan  ftf; m.j.market; Abids 40x25_Big Bazar.JPG,1_O51798_thumb_front.jpg
187,Nampally ,Ekminar fg. ,c,20x10,http://www.prakasharts.com/,1_O51799_thumb_front.jpg
188,Narayanaguda,YMCA opp. Pol st ftf.    Narayanguda  [ L side ],LIT,40x20,http://www.prakasharts.com/,1_O51800_thumb_front.jpg
189,Narayanaguda,YMCA opp. Pol st ftf.    Narayanguda  [ R side ],LIT,40x20,http://www.prakasharts.com/code1/3241. Narayanguda YMCA 40X20_TVS Bike.JPG,1_O51801_thumb_front.jpg
190,Narayanaguda,Opp: YMCA ftf.    Junction; Kachiguda,C,40x20,http://www.prakasharts.com/,1_O51802_thumb_front.jpg
191,Narayanaguda,adj: Flyover; ftf:    Barkatpura,LIT,50x25,http://www.prakasharts.com/code1/3243. Narayanaguda  50x25_MANJERA.JPG,1_O51803_thumb_front.jpg
192,Narayanaguda,adj: Flyover; ftf:    Himayatnagar,LIT,50x25,http://www.prakasharts.com/code1/3244. Narayanaguda fo Fg; Himayathnagar 50x25 --Warrioirs.jpg,1_O51804_thumb_front.jpg
193,Narayanaguda,Market; ftf:    Himayatnagar,LIT,40x25,http://www.prakasharts.com/code1/3245. Narayanguda Cross Roads Fg Himayathnagar 40x25_Onida Mobile.JPG,1_O51805_thumb_front.jpg
194,Narayanaguda,adj: Flyover; ftf:    Barkatpura,LIT,40x20,http://www.prakasharts.com/code1/3246. Narayanguda flyover 40x20_Briliant G.Skool.JPG,1_O51806_thumb_front.jpg
195,Nizam College,Nizam college bldg;    ftf. Flyover,LIT,60x25,http://www.prakasharts.com/code1/3247. Nizam Col.bldg  fg Flyover 60x25.JPG,1_O51807_thumb_front.jpg
196,Nizam College,Nizam College entry    ftf. LB Stadium,LIT,50x25,http://www.prakasharts.com/code1/3248. Nizam College. fg. LB Stadium 50x25_KING KISHER.JPG,1_O51808_thumb_front.jpg
197,Nizam College,adj.Flyover ftf.    Liberty,LIT,50x25,http://www.prakasharts.com/code1/3249. Basheerbagh Fo at Nizam clg Fg Liberty 50x25_ColgateTMC.JPG,1_O51809_thumb_front.jpg
198,Nizam College,adj.Flyover ftf.    Liberty,LIT,40x20,http://www.prakasharts.com/code1/3250. Basheerbagh flyover  at Nizam College Fg;Liberty 40x20_Sujana School (1).JPG,1_O51810_thumb_front.jpg
199,Oliphenta Br Cr,adj. Bridge; opp.Rly    Reservation ftf. Bus terminus/ Sangeet,LIT,40x25,http://www.prakasharts.com/code1/3251. Oliphanta Bridge 40x20 -BAJAJ.JPG,1_O51811_thumb_front.jpg
200,Oliphenta Br Cr,top of Ramakrishna    Hotel ftf. Sec.Stn [L],LIT,50x25,http://www.prakasharts.com/code1/3252. Oliphanta Br Cr Top of Ramakrishna Hotel ftf; Sec; bad 50x25.JPG,1_O51812_thumb_front.jpg
201,Oliphenta Br Cr,top of Ramakrishna    Hotel ftf. Sec.Stn [M],LIT,50x25,http://www.prakasharts.com/code1/3253_UTV.JPG,1_O51813_thumb_front.jpg
202,Oliphenta Br Cr,top of Ramakrishna    Hotel ftf. Sec.Stn [R],LIT,43x25,http://www.prakasharts.com/code1/3254Secunderabad Stn Above R.K.Hotel 43x25_BRILIANT G.SKOOL.jpg,1_O51814_thumb_front.jpg
203,Oliphenta Br Cr,adj. Post Office;    ftf. Oliphanta Bridge,P,30x15,http://www.prakasharts.com/code1/3255. Secunderabad; Himmathnagar Opp; Blue Sea 30x15_Airtell.JPG,1_O51815_thumb_front.jpg
204,Osmangunj,,C,40x20,http://www.prakasharts.com/code1/3256. Osmangunj 40x20_Kamaneni Hospital_3.JPG,1_O51816_thumb_front.jpg
205,Osmangunj,Ftf.M.J.Market,C,20x20,http://www.prakasharts.com/code1/3257. Osmangunj Rd Fg MJ Market 20x20_Briliant G. Skool.JPG,1_O51817_thumb_front.jpg
206,Osmangunj,Osmangunj Rd; ftf: M    J Market,C,40x25,http://www.prakasharts.com/code1/3258. M.J. market  on way to Osmangunj 40x25.JPG,1_O51818_thumb_front.jpg
207,Panjagutta,near Pol stn; ftf:    Cross Rds,p,24x15,http://www.prakasharts.com/code1/3259. Punjagutta x rds 24x15_YASHODA.JPG,1_O51819_thumb_front.jpg
208,Panjagutta,Uma Chambers ftf:    Pol. Stn; Somajiguda,LIT,50x25,http://www.prakasharts.com/code1/3260. Punjagutta Adj; Brisah 50x25 (2)_800_600.JPG,1_O51820_thumb_front.jpg
209,Panjagutta,Ameerpet Rd near Old    Shanbagh ftf. X Roads; Nag. Cr,LIT,40x20,http://www.prakasharts.com/code1/3262. Punjagutta Cross Roads  Adj; Shanbagh Hotel 40x20_Cruse.JPG,1_O51821_thumb_front.jpg
210,Panjagutta,Old shanbagh wall wrap; ftf. X Roads; Nag. Cr,LIT,60x25,http://www.prakasharts.com/code1/3263. Punjagutta x 60x25 (2).JPG,1_O51822_thumb_front.jpg
211,Panjagutta,Old shanbagh top;    ftf. X Roads; Nag. Cr,LIT,60x25,http://www.prakasharts.com/code1/3264. PunjaguttaCr Above Shanbagh Hotel 60x25 _Kalyan Jewel.JPG,1_O51823_thumb_front.jpg
212,Panjagutta,Top of Vodafone (Ravi    Chambers) ftf. Somajiguda,LIT,60x25,http://www.prakasharts.com/code1/3056. Banjara hills Nag Cr top of Vodafone ftf.Police St; X Rds(lit) 60x25.JPG,1_O51824_thumb_front.jpg
213,Panjagutta,opp: Model House;    ftf; Khairatabd,LIT,40x20,http://www.prakasharts.com/code1/3266. Panjagutta Nims opp. 40x20.JPG,1_O51825_thumb_front.jpg
214,Panjagutta,adj. RTA Office; ftf.    N I M S,LIT,50x25,http://www.prakasharts.com/code1/3267. Punjagutta RTA Fg; NIMS 50x25_Glucose D.JPG,1_O51826_thumb_front.jpg
215,Panjagutta,adj. RTA Office; ftf.    GVK,LIT,50x25,http://www.prakasharts.com/code1/3268. Punjagutta Adj; RTA Office ftf; gvk 50x25 _Mrs.Akhila Prasad.JPG,1_O51827_thumb_front.jpg
217,Paradise Cr,Top of Swathi Hotel;    ftf. Ranigunj,LIT,50x25,http://www.prakasharts.com/code1/3270. Paradise Cr Fg M G Road 50x25_MTS.JPG,1_O51828_thumb_front.jpg
218,Paradise Cr,Top of Swathi Hotel;    ftf: flyover; Bowenpally,P,50x25,http://www.prakasharts.com/code1/3271Paradise fg'Bownpally 50x25_YASHODA.JPG,1_O51829_thumb_front.jpg
219,Paradise Cr,Towards    Bownpally  Fg_Paradise,LIT,40x20,http://www.prakasharts.com/code1/4649     Paradise fg;Mg rd 40x20.JPG,1_O51830_thumb_front.jpg
220,Patny x Roads ,Kalaniketan opp. Post    Office; ftf. Junction; RP Road,LIT,50x25,http://www.prakasharts.com/code1/3272.Patny Cr 50x25_Reliance Trends-4.JPG,1_O51831_thumb_front.jpg
221,R P Road,Citilite Cr ftf.    Bible House,LIT,60x25,http://www.prakasharts.com/code1/3273. R.P. Road  60x25.JPG,1_O51832_thumb_front.jpg
222,Railnilayam ,opp. RRC grounds    ftf.Mettuguda,C,40x20,http://www.prakasharts.com/,1_O51833_thumb_front.jpg
223,Rajbhavan Road,near Necklace Rd MMTS    ftf. Somajiguda,LIT,40x25,http://www.prakasharts.com/code1/3275. Rajbhawan Road adj;MMTS 40x25_BAJAJ.JPG,1_O51834_thumb_front.jpg
224,Ramchandrapuram,Ftf: B H E L,OS,40x20,http://www.prakasharts.com/code1/3276. BHEL 40X20_IDEA.JPG,1_O51835_thumb_front.jpg
225,Ramchandrapuram,Ftf: Patancheru,OS,40x20,http://www.prakasharts.com/code1/3277. Rc Puram fg; Patancheru 40x20 (4).JPG,1_O51836_thumb_front.jpg
226,Ramkoti,Ramkoti x Rds ftf.    Tilak Road; Abids,C,30x20,http://www.prakasharts.com/code1/3278. Ramkoti 30x20 _Kamaneni Hospita-2l.JPG,1_O51837_thumb_front.jpg
227,Ramoji Film City,opp: Ramoji Filmcity    on Hiway ftf. Vja,OS,30x15,http://www.prakasharts.com/code1/3279. R.F.C. 30X15.JPG,1_O51838_thumb_front.jpg
228,Ramoji Film City,opp: Ramoji Filmcity    on Hiway ftf. Vja,OS,20x10,http://www.prakasharts.com/code1/3280 Ramoji Film city  on highway to Vja 20x10_5.jpg,1_O51839_thumb_front.jpg
229,Ramoji Film City,opp: Ramoji Filmcity    on Hiway ftf. Vja,OS,30x15,http://www.prakasharts.com/,1_O51840_thumb_front.jpg
230,RTC x Roads,Adj. Petrolbunk;    Abhilasha top; ftf. Chikkadpally,LIT,60x25,http://www.prakasharts.com/code1/3283. R T C x Rds Adj; Petrol pump; Abilasha top; ftf; Chikadpally 60x25_TATA INDICOM.JPG,1_O51841_thumb_front.jpg
231,RTC x Roads,President Hotel Wall    ftf.Musheerbad,LIT,30x20,http://www.prakasharts.com/code1/3284. RTC X RD 30x20_Yashoda-3.JPG,1_O51842_thumb_front.jpg
232,RTC x Roads,President Hotel Wall    ftf.Musheerbad,LIT,40x20,http://www.prakasharts.com/code1/3285. R.T.C. Cross Rds 40x20_TOP RAMEN.JPG,1_O51843_thumb_front.jpg
233,RTC x Roads,top of Sangam Hotel    ftf. Jn; VST  [R],LIT,50x25,http://www.prakasharts.com/,1_O51844_thumb_front.jpg
234,RTC x Roads,top of Sangam Hotel    ftf. Jn; VST  [L],LIT,50x25,http://www.prakasharts.com/,1_O51845_thumb_front.jpg
235,Rudraram,Mumbai Hiway NH-9;    ftf. BHEL; Hyd,OS,30x15,http://www.prakasharts.com/code1/3288. Rudram 30x15 _Yoganiki Okadu.JPG,1_O51846_thumb_front.jpg
236,S P Road,Rasoolpura; Hockey    Stadium; ftf: Paradise,LIT,40x20,http://www.prakasharts.com/code1/3289. SP RD fg;ymca (LIT) 40x20.JPG,1_O51847_thumb_front.jpg
237,S P Road,adj. Anand ftf.    Paradise,LIT,40x40,http://www.prakasharts.com/code1/3291,1_O51848_thumb_front.jpg
238,S P Road,adj. Anand ftf.    Airport,LIT,40x40,http://www.prakasharts.com/code1/3292. S P Road Adj; Anand Fg Old Airport 40x40_Kingfisher (Unistructure).JPG,1_O51849_thumb_front.jpg
239,S P Road,top of SBI; ftf: Old    Airport flyover,LIT,60x25,http://www.prakasharts.com/code1/3293. Begumpet Old Airport Fg Greenlands;HPS  30X25 copy.jpg,1_O51850_thumb_front.jpg
240,S P Road,adj. Paradise flyover    ftf. Airport,LIT,50x25,http://www.prakasharts.com/code1/3294. Paradise Flyover Fg Rasoolpura 50x25_FAIR &amp; LOVELY.JPG,1_O51851_thumb_front.jpg
241,S P Road,adj. Paradize flyover    ftf. Paradegrounds,LIT,36x25,http://www.prakasharts.com/code1/3295. S.P. ROAD Paradide fo (LI) 36x20 (1).JPG,1_O51852_thumb_front.jpg
242,S D Road,opp. Manju ftf.    Paradise,LIT,40x20,http://www.prakasharts.com/code1/3296 S.D.Road 40x20_Kingstone.JPG,1_O51853_thumb_front.jpg
243,Secunderabad Stn,nr. Uppal Bus Stop;    ftf: Sangeet,p,30x15,http://www.prakasharts.com/code1/3311. Secunderabad Himathnagar 30x15_Cruso.JPG,1_O51854_thumb_front.jpg
244,Secunderabad Stn,behind Uppal Bus Stop    ftf. Sangeet,p,60x15,http://www.prakasharts.com/code1/3312. Himmathnagar Opp; Blue Sea 60x15_Virgin Mobile.JPG,1_O51855_thumb_front.jpg
245,Shamshabad Airport Rd,Carvan ftf.    Mehidipatnam,C,40x25,http://www.prakasharts.com/code1/3317. Attapur Fg;Mehdipatnam 40x25.JPG,1_O51856_thumb_front.jpg
246,Shamshabad Airport Rd,Carvan ftf.    Rajendranagar,C,40x25,http://www.prakasharts.com/code1/3318. Attapur Fg;Airport 40x25.JPG,1_O51857_thumb_front.jpg
247,Shamshabad Airport Rd,Carvan Ring Rd fg.    Mehdipatnam,p,30x25,http://www.prakasharts.com/code1/3319. Attapur Carvan Ring Road Fg; Mehdipatnam 30x25_Ls.JPG,1_O51858_thumb_front.jpg
248,Shamshabad Airport Rd,Carvan Ring Rd fg.    Rajendranagar,p,30x25,http://www.prakasharts.com/code1/3320. Attapur Carvan Ring Road fg Rajendra nagar 30x25_2.JPG,1_O51859_thumb_front.jpg
249,Shamshabad Airport Rd,Carvan Sana Hotel fg.    Mehidipatnam,p,40x25,http://www.prakasharts.com/,1_O51860_thumb_front.jpg
250,Shamshabad Airport Rd,Carvan Sana Hotel fg.    Rajendranagar,p,40x25,http://www.prakasharts.com/,1_O51861_thumb_front.jpg
251,Shamshabad Airport Rd,Carvan  rd Dolphin Marbles,p,50x25,http://www.prakasharts.com/,1_O51862_thumb_front.jpg
252,Shamshabad Airport Rd,Carvan  rd Dolphin Marbles,p,50x25,http://www.prakasharts.com/,1_O51863_thumb_front.jpg
253,Shamshabad Airport Rd,Express flyover HP    Bunk(Natraj) fg. Rajendranagar,C,30x25,http://www.prakasharts.com/code1/3325 Attapur HP Bunk(Natraj) fg;Rajendernagar 30x25.JPG,1_O51864_thumb_front.jpg
254,Shamshabad Airport Rd,Attapur HP    Bunk(Natraj) fg. Mehidipatnam,C,40x25,http://www.prakasharts.com/code1/3326 Attapur HP Bunk(Natraj) fg; Mehdipatnam 40x25.JPG,1_O51865_thumb_front.jpg
255,Shamshabad Airport Rd,Attapur Fantoosh    ftf.Mehidipatnam,C,60x25,http://www.prakasharts.com/code1/3327. Attapur 60x25_Ebay.JPG,1_O51866_thumb_front.jpg
256,Shamshabad Airport Rd,Attapur Fantoosh ftf.    Rajendranagar,C,30x25,http://www.prakasharts.com/code1/3328. Attapur fg;Airport 30x25.JPG,1_O51867_thumb_front.jpg
257,Shamshabad Airport Rd,Upparpally ftf.    Rajendranagar,c,50x25,http://www.prakasharts.com/,1_O51868_thumb_front.jpg
258,Shamshabad Airport Rd,Rajendranagar opp.    Agrl varsity Entry ftf. Airport,LIT,50x25,http://www.prakasharts.com/code1/3337. Rajender Nagar A.G. Colege Gate Fg; Shamshabad 50x25 (4).JPG,1_O51869_thumb_front.jpg
259,Shamshabad Airport Rd,Shatamrai    Ramsubbareddy complex ftf. Airport [L],LIT,60x25,http://www.prakasharts.com/code1/3338. Shamshabad Shatamrai  Above Ram Subba Reddy Complex (LIT) 60x25_CANCER CARE.JPG,1_O51870_thumb_front.jpg
260,Shamshabad Airport Rd,Shatamrai    Ramsubbareddy complex ftf. Airport [R],LIT,60x25,http://www.prakasharts.com/code1/3339. Shamshabad Airport Rd Above Ramsubba reddy complex (LIT) 60x25.JPG,1_O51871_thumb_front.jpg
261,Shamshabad Airport Rd,Ganesh Complex ftf.    Hyd,LIT,40x25,http://www.prakasharts.com/code1/3340. Shamshabad Top Of Ganesh Complex Fg City 40x25_ONGC.JPG,1_O51872_thumb_front.jpg
262,Shamshabad Airport Rd,Ganesh Complex ftf.    Airport,LIT,40x25,http://www.prakasharts.com/code1/3341. Shamshabad Top Of Ganesh Complex Fg Airport 40x25_FORTUNE.JPG,1_O51873_thumb_front.jpg
263,Shamshabad Airport Rd,town entry ftf.    Airport,LIT,50x25,http://www.prakasharts.com/code1/3343. Shamshabad fg;Airport 50x25-2.JPG,1_O51874_thumb_front.jpg
264,Shamshabad Airport Rd,Upparpally ftf.    Mehidipatnam,c,50x25,http://www.prakasharts.com/,1_O51875_thumb_front.jpg
265,Shivrampally,Zoo Park Rd ftf.    Aramgar x Rds,OS,40x20,http://www.prakasharts.com/,1_O51876_thumb_front.jpg
266,Somajiguda,above Zodiac; ftf:    Greenlands,LIT,60x25,http://www.prakasharts.com/code1/3349. Somajiguda fg;Greenland 60x25_MTS.JPG,1_O51877_thumb_front.jpg
267,Somajiguda,adj. Zodiac; ftf:    Greenlands ,LIT,25x25,http://www.prakasharts.com/code1/3350. Somajiguda 25x25 _ Brisah.jpg,1_O51878_thumb_front.jpg
268,Somajiguda ,Ground site;    ftf.Rajbhavan Road,LIT,50x20,http://www.prakasharts.com/code1/3351. Somajiguda x 50x20.JPG,1_O51879_thumb_front.jpg
269,Somajiguda ,adj. flyover ftf.    Rajbhavan,LIT,30x25,http://www.prakasharts.com/code1/3352. Somajiguda 30x25_KINGFISHER.JPG,1_O51880_thumb_front.jpg
270,Somajiguda ,Yashoda Hospital top    of Next ftf. Somajiguda cr,LIT,40x25,http://www.prakasharts.com/code1/3353. Somajiguda Fg; Somajiguda fif 40x25_800_600.JPG,1_O51881_thumb_front.jpg
271,Somajiguda ,Yashoda Hospital top    of Next ftf. MMTS; Khairatabad,LIT,40x25,http://www.prakasharts.com/code1/3354. Somajiguda; rajbhavan rd fg; rajbhavan 40x25_Vaseline.jpg,1_O51882_thumb_front.jpg
272,Somajiguda ,Rajbhavan Rd ftf.    MMTS; Khairatabad,LIT,20x40,http://www.prakasharts.com/code1/3355. Somajiguda Fg Rajbhavan Rd 20x40_L &amp;T.JPG,1_O51883_thumb_front.jpg
273,Tarnaka,Near St.Anns School    fg. Junction,C,30x20,http://www.prakasharts.com/code1/3356. Tarnaka Near St.Anns School fg; Junction  (C)  30x20.JPG,1_O51884_thumb_front.jpg
274,Tarnaka,adj: petrol Bunk;    Upper. ftf. Sec'bad [R],LIT,60x25,http://www.prakasharts.com/code1/3357. Tarnaka Flyover fg; Secunderabad 60x25_DOCOMO_4.JPG,1_O51885_thumb_front.jpg
275,Tarnaka,adj: petrol Bunk;    Upper. ftf. Sec'bad [L],LIT,60x25,http://www.prakasharts.com/code1/3358. Tarnaka 60x25_MEGAMART.JPG,1_O51886_thumb_front.jpg
276,Tarnaka,adj: petrol Bunk;    Lower; ftf. Sec'bad [R],C,60x15,http://www.prakasharts.com/code1/3359. Tarnaka x Roads 60x15_AIRTEL LUCKY ALI.JPG,1_O51887_thumb_front.jpg
277,Tarnaka,adj: petrol Bunk;    Lower; ftf. Sec'bad [L],C,40x15,http://www.prakasharts.com/code1/3360. Tarnaka  Adj; Petrol Pump  Lower Fg; Secunderabad 40x15.JPG,1_O51888_thumb_front.jpg
278,Tarnaka,F/o; Adj.BSNL    Exchange ftf. Sec'bad,LIT,50x25,http://www.prakasharts.com/code1/3361 Tarnaka fo 50x25.JPG,1_O51889_thumb_front.jpg
279,Tarnaka,F/o; Adj.BSNL    Exchange ftf. Jn; St. Anns,C,30x20,http://www.prakasharts.com/,1_O51890_thumb_front.jpg
280,Tarnaka,flyover; towards    Aradhana ftf. Sec'bad,LIT,40x20,http://www.prakasharts.com/code1/3364. Tarnaka 40x20 _UTV.JPG,1_O51891_thumb_front.jpg
281,Tarnaka,adj: Flyover; ftf:    Hubsiguda; Aradhana,LIT,50x25,http://www.prakasharts.com/code1/3365. Tarnaka adj; flyover ftf; Habsiguda ; aradhana  (LIT)  50x25.JPG,1_O51892_thumb_front.jpg
282,Tarnaka,towards Lalapet ftf.    Junction,C,40x20,http://www.prakasharts.com/code1/3366. Tarnaka x Rds 40x20 _7Up.JPG,1_O51893_thumb_front.jpg
283,Tarnaka,Hubsiguda Rd; ftf:    Tarnaka,C,40x20,http://www.prakasharts.com/code1/3367. Tarnaka Habsiguda Road  40x20.JPG,1_O51894_thumb_front.jpg
284,Tarnaka,Hubsiguda Rd; ftf:    Tarnaka,C,40x20,http://www.prakasharts.com/code1/3368. Tarnaka Habsiguda Road  40x20_Kamaneni Hospital-2.jpg,1_O51895_thumb_front.jpg
285,Vidyanagar,University Rd; ftf:    Flyover; OU,C,25x25,http://www.prakasharts.com/code1/3369. Vidyanagar (C) 25x25.JPG,1_O51896_thumb_front.jpg
286,Vidyanagar,University Rd; ftf:    Flyover; Vidyanagar,LIT,50x25,http://www.prakasharts.com/code1/3370.Vidya Nagar Bridge 50x25_HERO.JPG,1_O51897_thumb_front.jpg
287,Vidyanagar,Giant Strr; Marriot    Jn ftf. Tankbund      [top],LIT,60X25,http://www.prakasharts.com/,1_O51898_thumb_front.jpg
288,Bundlaguda,Fcg. Airport,LIT,60X25,http://www.prakasharts.com/code1/3106. Chandrayanagutta Adj; Flyover above Herohond Show Room fg; Bundlaguda Airport 60x25.JPG,1_O51899_thumb_front.jpg
289,Bundlaguda,fcg. DRDL,LIT,60X25,http://www.prakasharts.com/code1/3105. Chandrayanagutta Adj; Flyover above Herohond Show Room fg; DRDL 60x25.JPG,1_O51900_thumb_front.jpg
290,Mehdipatnam,Near Rythu Bazaar,LIT,40x25,http://www.prakasharts.com/code1/290.JPG,1_O51901_thumb_front.jpg
291,Paradise cr,Towards Bowenpally    Fg; Paradise,LIT,40x20,http://www.prakasharts.com/code1/291.JPG,1_O51902_thumb_front.jpg
292,Boats Club,Giant strr; Marriot    Jn ftf; Tankbund  (top),LIT,60x25,http://www.prakasharts.com/code1/292.JPG,1_O51903_thumb_front.jpg
293,Himayathnagar,Above Gautam Model    School,LIT,50x25,http://www.prakasharts.com/code1/293.JPG,1_O51904_thumb_front.jpg
294,Koti ,Womens College,NON-LIT,30x25,http://www.prakasharts.com/code1/295.JPG,1_O51905_thumb_front.jpg
295,Koti ,Womens College,NON-LIT,40x25,http://www.prakasharts.com/code1/294.JPG,1_O51906_thumb_front.jpg
296,Khairtabad f/o,fcg. Jn  ( 1st Loc),LIT,40x20,http://www.prakasharts.com/code1/Khairathabad/DSC01892.JPG,1_O51907_thumb_front.jpg
297,Khairtabad f/o,fcg. Jn  ( 2nd Loc),LIT,40x20,http://www.prakasharts.com/code1/Khairathabad/Khairathabad 40x20 (2).JPG,1_O51908_thumb_front.jpg
298,Khairtabad f/o,fcg. Jn  ( 3rd Loc),LIT,40x20,http://www.prakasharts.com/code1/Khairathabad/Khairathabad 40x20.JPG,1_O51909_thumb_front.jpg
299,Khairtabad f/o,fcg. Jn ( 1st Loc),LIT,40x15,http://www.prakasharts.com/code1/Khairathabad/Khairatabad St 40x15 Airtel (2).JPG,1_O51910_thumb_front.jpg
300,Khairtabad f/o,fcg. Jn ( 2nd Loc),LIT,40x15,http://www.prakasharts.com/code1/Khairathabad/Khairatabad St 40x15 Airtel (1).JPG,1_O51911_thumb_front.jpg
